date,open,high,low,close,volume,average,barCount
2026-04-20 04:00:00-04:00,9.8,9.95,9.74,9.82,8515.0,9.83798,25
2026-04-20 04:01:00-04:00,9.85,9.87,9.74,9.85,107359.0,9.79624,278
2026-04-20 04:02:00-04:00,9.82,9.85,9.8,9.85,12975.0,9.83556,18
2026-04-20 04:03:00-04:00,9.85,9.85,9.82,9.83,3737.0,9.8282,9
2026-04-20 04:04:00-04:00,9.83,9.83,9.83,9.83,658.0,9.83,2
2026-04-20 04:05:00-04:00,9.83,9.83,9.81,9.81,3215.0,9.81404,7
2026-04-20 04:06:00-04:00,9.81,9.81,9.8,9.8,3292.0,9.8003,6
2026-04-20 04:07:00-04:00,9.79,9.79,9.77,9.77,1060.0,9.77472,7
2026-04-20 04:08:00-04:00,9.77,9.77,9.75,9.76,7817.0,9.75626,13
2026-04-20 04:09:00-04:00,9.75,9.75,9.73,9.73,7479.0,9.74192,16
2026-04-20 04:10:00-04:00,9.7301,9.7301,9.73,9.73,976.0,9.73005,2
2026-04-20 04:11:00-04:00,9.73,9.84,9.73,9.78,8748.0,9.75695,22
2026-04-20 04:12:00-04:00,9.77,9.78,9.77,9.78,640.0,9.77844,3
2026-04-20 04:13:00-04:00,9.76,9.76,9.74,9.74,2418.0,9.75371,6
2026-04-20 04:14:00-04:00,9.74,9.74,9.74,9.74,293.0,9.74,1
2026-04-20 04:15:00-04:00,9.76,9.76,9.75,9.75,461.0,9.75566,2
2026-04-20 04:16:00-04:00,9.7519,9.76,9.75,9.76,801.0,9.75241,4
2026-04-20 04:17:00-04:00,9.77,9.77,9.77,9.77,100.0,9.77,1
2026-04-20 04:18:00-04:00,9.78,9.78,9.76,9.76,700.0,9.76571,2
2026-04-20 04:19:00-04:00,9.75,9.75,9.75,9.75,1000.0,9.75,1
2026-04-20 04:20:00-04:00,9.75,9.75,9.75,9.75,5428.0,9.75,8
2026-04-20 04:21:00-04:00,9.75,9.75,9.75,9.75,598.0,9.75,2
2026-04-20 04:22:00-04:00,9.75,9.75,9.74,9.74,4797.0,9.74594,10
2026-04-20 04:23:00-04:00,9.75,9.76,9.75,9.76,630.0,9.75683,4
2026-04-20 04:24:00-04:00,9.76,9.76,9.76,9.76,0.0,9.76,0
2026-04-20 04:25:00-04:00,9.75,9.75,9.75,9.75,495.0,9.75,2
2026-04-20 04:26:00-04:00,9.75,9.78,9.75,9.78,950.0,9.75632,2
2026-04-20 04:27:00-04:00,9.78,9.78,9.75,9.75,3623.0,9.77612,4
2026-04-20 04:28:00-04:00,9.75,9.755,9.75,9.75,9968.0,9.75045,13
2026-04-20 04:29:00-04:00,9.75,9.75,9.75,9.75,0.0,9.75,0
2026-04-20 04:30:00-04:00,9.76,9.77,9.75,9.77,4919.0,9.76432,6
2026-04-20 04:31:00-04:00,9.77,9.77,9.77,9.77,0.0,9.77,0
2026-04-20 04:32:00-04:00,9.77,9.77,9.77,9.77,0.0,9.77,0
2026-04-20 04:33:00-04:00,9.76,9.76,9.76,9.76,100.0,9.76,1
2026-04-20 04:34:00-04:00,9.76,9.76,9.76,9.76,0.0,9.76,0
2026-04-20 04:35:00-04:00,9.75,9.75,9.75,9.75,2320.0,9.75,8
2026-04-20 04:36:00-04:00,9.76,9.76,9.76,9.76,200.0,9.76,1
2026-04-20 04:37:00-04:00,9.76,9.76,9.76,9.76,0.0,9.76,0
2026-04-20 04:38:00-04:00,9.76,9.76,9.76,9.76,0.0,9.76,0
2026-04-20 04:39:00-04:00,9.76,9.76,9.76,9.76,0.0,9.76,0
2026-04-20 04:40:00-04:00,9.75,9.75,9.75,9.75,1896.0,9.75,5
2026-04-20 04:41:00-04:00,9.75,9.75,9.75,9.75,935.0,9.75,2
2026-04-20 04:42:00-04:00,9.75,9.75,9.75,9.75,0.0,9.75,0
2026-04-20 04:43:00-04:00,9.74,9.75,9.74,9.75,3010.0,9.74236,5
2026-04-20 04:44:00-04:00,9.75,9.75,9.74,9.74,200.0,9.745,2
2026-04-20 04:45:00-04:00,9.74,9.75,9.74,9.75,855.0,9.74766,4
2026-04-20 04:46:00-04:00,9.75,9.75,9.75,9.75,0.0,9.75,0
2026-04-20 04:47:00-04:00,9.75,9.75,9.75,9.75,0.0,9.75,0
2026-04-20 04:48:00-04:00,9.75,9.75,9.75,9.75,0.0,9.75,0
2026-04-20 04:49:00-04:00,9.75,9.75,9.75,9.75,0.0,9.75,0
2026-04-20 04:50:00-04:00,9.77,9.77,9.75,9.75,693.0,9.75866,4
2026-04-20 04:51:00-04:00,9.75,9.75,9.75,9.75,0.0,9.75,0
2026-04-20 04:52:00-04:00,9.76,9.76,9.76,9.76,100.0,9.76,1
2026-04-20 04:53:00-04:00,9.76,9.76,9.76,9.76,0.0,9.76,0
2026-04-20 04:54:00-04:00,9.75,9.75,9.75,9.75,807.0,9.75,2
2026-04-20 04:55:00-04:00,9.75,9.76,9.75,9.75,15294.0,9.75212,16
2026-04-20 04:56:00-04:00,9.75,9.75,9.75,9.75,127.0,9.75,1
2026-04-20 04:57:00-04:00,9.75,9.75,9.75,9.75,299.0,9.75,1
2026-04-20 04:58:00-04:00,9.75,9.76,9.75,9.76,775.0,9.75129,4
2026-04-20 04:59:00-04:00,9.76,9.76,9.76,9.76,893.0,9.76,4
2026-04-20 05:00:00-04:00,9.76,9.77,9.76,9.77,2045.0,9.76742,8
2026-04-20 05:01:00-04:00,9.77,9.77,9.77,9.77,300.0,9.77,1
2026-04-20 05:02:00-04:00,9.77,9.77,9.77,9.77,750.0,9.77,1
2026-04-20 05:03:00-04:00,9.765,9.765,9.76,9.76,507.0,9.76115,2
2026-04-20 05:04:00-04:00,9.76,9.76,9.76,9.76,100.0,9.76,1
2026-04-20 05:05:00-04:00,9.76,9.77,9.76,9.77,2293.0,9.76305,12
2026-04-20 05:06:00-04:00,9.76,9.77,9.76,9.76,1059.0,9.76132,4
2026-04-20 05:07:00-04:00,9.76,9.76,9.76,9.76,0.0,9.76,0
2026-04-20 05:08:00-04:00,9.76,9.76,9.76,9.76,100.0,9.76,1
2026-04-20 05:09:00-04:00,9.76,9.76,9.76,9.76,160.0,9.76,1
2026-04-20 05:10:00-04:00,9.75,9.75,9.75,9.75,230.0,9.75,2
2026-04-20 05:11:00-04:00,9.75,9.75,9.75,9.75,886.0,9.75,4
2026-04-20 05:12:00-04:00,9.745,9.75,9.74,9.74,631.0,9.74475,4
2026-04-20 05:13:00-04:00,9.745,9.75,9.745,9.75,412.0,9.74864,2
2026-04-20 05:14:00-04:00,9.745,9.745,9.74,9.74,6284.0,9.74016,9
2026-04-20 05:15:00-04:00,9.75,9.75,9.74,9.74,563.0,9.74178,3
2026-04-20 05:16:00-04:00,9.74,9.74,9.74,9.74,100.0,9.74,1
2026-04-20 05:17:00-04:00,9.745,9.745,9.745,9.745,500.0,9.745,4
2026-04-20 05:18:00-04:00,9.745,9.745,9.745,9.745,0.0,9.745,0
2026-04-20 05:19:00-04:00,9.75,9.75,9.75,9.75,200.0,9.75,1
2026-04-20 05:20:00-04:00,9.74,9.74,9.74,9.74,200.0,9.74,1
2026-04-20 05:21:00-04:00,9.74,9.75,9.74,9.745,2391.0,9.74179,7
2026-04-20 05:22:00-04:00,9.745,9.745,9.74,9.74,800.0,9.74438,2
2026-04-20 05:23:00-04:00,9.74,9.74,9.74,9.74,0.0,9.74,0
2026-04-20 05:24:00-04:00,9.74,9.74,9.74,9.74,0.0,9.74,0
2026-04-20 05:25:00-04:00,9.75,9.75,9.75,9.75,919.0,9.75,3
2026-04-20 05:26:00-04:00,9.7402,9.7402,9.74,9.74,3449.0,9.74019,2
2026-04-20 05:27:00-04:00,9.76,9.76,9.76,9.76,100.0,9.76,1
2026-04-20 05:28:00-04:00,9.76,9.76,9.76,9.76,0.0,9.76,0
2026-04-20 05:29:00-04:00,9.76,9.76,9.76,9.76,200.0,9.76,1
2026-04-20 05:30:00-04:00,9.76,9.76,9.76,9.76,699.0,9.76,2
2026-04-20 05:31:00-04:00,9.76,9.76,9.76,9.76,0.0,9.76,0
2026-04-20 05:32:00-04:00,9.76,9.76,9.76,9.76,0.0,9.76,0
2026-04-20 05:33:00-04:00,9.76,9.76,9.76,9.76,921.0,9.76,2
2026-04-20 05:34:00-04:00,9.76,9.76,9.76,9.76,144.0,9.76,1
2026-04-20 05:35:00-04:00,9.76,9.76,9.76,9.76,899.0,9.76,4
2026-04-20 05:36:00-04:00,9.76,9.76,9.76,9.76,0.0,9.76,0
2026-04-20 05:37:00-04:00,9.76,9.76,9.76,9.76,925.0,9.76,7
2026-04-20 05:38:00-04:00,9.75,9.76,9.75,9.76,600.0,9.75333,4
2026-04-20 05:39:00-04:00,9.75,9.75,9.75,9.75,100.0,9.75,1
2026-04-20 05:40:00-04:00,9.75,9.76,9.75,9.76,1647.0,9.75332,11
2026-04-20 05:41:00-04:00,9.76,9.76,9.76,9.76,0.0,9.76,0
2026-04-20 05:42:00-04:00,9.77,9.77,9.76,9.76,2015.0,9.76766,3
2026-04-20 05:43:00-04:00,9.76,9.76,9.76,9.76,700.0,9.76,1
2026-04-20 05:44:00-04:00,9.76,9.76,9.76,9.76,0.0,9.76,0
2026-04-20 05:45:00-04:00,9.78,9.78,9.78,9.78,613.0,9.78,2
2026-04-20 05:46:00-04:00,9.78,9.78,9.78,9.78,0.0,9.78,0
2026-04-20 05:47:00-04:00,9.78,9.8,9.78,9.8,1910.0,9.79545,4
2026-04-20 05:48:00-04:00,9.78,9.78,9.78,9.78,168.0,9.78,1
2026-04-20 05:49:00-04:00,9.78,9.78,9.78,9.78,122.0,9.78,1
2026-04-20 05:50:00-04:00,9.78,9.78,9.78,9.78,0.0,9.78,0
2026-04-20 05:51:00-04:00,9.79,9.79,9.79,9.79,100.0,9.79,1
2026-04-20 05:52:00-04:00,9.79,9.79,9.78,9.78,1100.0,9.78364,5
2026-04-20 05:53:00-04:00,9.785,9.785,9.785,9.785,800.0,9.785,2
2026-04-20 05:54:00-04:00,9.785,9.785,9.785,9.785,0.0,9.785,0
2026-04-20 05:55:00-04:00,9.785,9.785,9.785,9.785,100.0,9.785,1
2026-04-20 05:56:00-04:00,9.78,9.78,9.76,9.76,2822.0,9.76972,4
2026-04-20 05:57:00-04:00,9.77,9.775,9.77,9.775,340.0,9.77324,2
2026-04-20 05:58:00-04:00,9.77,9.77,9.76,9.76,799.0,9.76374,2
2026-04-20 05:59:00-04:00,9.765,9.765,9.765,9.765,100.0,9.765,1
2026-04-20 06:00:00-04:00,9.76,9.765,9.76,9.765,1158.0,9.76323,5
2026-04-20 06:01:00-04:00,9.76,9.76,9.76,9.76,1884.0,9.76,4
2026-04-20 06:02:00-04:00,9.76,9.76,9.76,9.76,0.0,9.76,0
2026-04-20 06:03:00-04:00,9.76,9.76,9.76,9.76,0.0,9.76,0
2026-04-20 06:04:00-04:00,9.77,9.78,9.7618,9.7618,2374.0,9.77079,7
2026-04-20 06:05:00-04:00,9.7616,9.7616,9.7616,9.7616,398.0,9.7616,1
2026-04-20 06:06:00-04:00,9.76,9.76,9.76,9.76,300.0,9.76,1
2026-04-20 06:07:00-04:00,9.79,9.79,9.79,9.79,899.0,9.79,5
2026-04-20 06:08:00-04:00,9.8,9.8,9.8,9.8,571.0,9.8,3
2026-04-20 06:09:00-04:00,9.81,9.82,9.81,9.82,3015.0,9.81867,6
2026-04-20 06:10:00-04:00,9.82,9.82,9.82,9.82,0.0,9.82,0
2026-04-20 06:11:00-04:00,9.82,9.82,9.82,9.82,500.0,9.82,3
2026-04-20 06:12:00-04:00,9.83,9.83,9.83,9.83,1000.0,9.83,2
2026-04-20 06:13:00-04:00,9.82,9.82,9.82,9.82,208.0,9.82,1
2026-04-20 06:14:00-04:00,9.82,9.82,9.82,9.82,100.0,9.82,1
2026-04-20 06:15:00-04:00,9.82,9.82,9.82,9.82,0.0,9.82,0
2026-04-20 06:16:00-04:00,9.82,9.82,9.82,9.82,200.0,9.82,1
2026-04-20 06:17:00-04:00,9.82,9.82,9.82,9.82,100.0,9.82,1
2026-04-20 06:18:00-04:00,9.82,9.82,9.82,9.82,0.0,9.82,0
2026-04-20 06:19:00-04:00,9.82,9.82,9.82,9.82,0.0,9.82,0
2026-04-20 06:20:00-04:00,9.82,9.82,9.82,9.82,0.0,9.82,0
2026-04-20 06:21:00-04:00,9.81,9.81,9.8,9.8,833.0,9.8012,3
2026-04-20 06:22:00-04:00,9.8,9.8,9.8,9.8,0.0,9.8,0
2026-04-20 06:23:00-04:00,9.8,9.8,9.8,9.8,0.0,9.8,0
2026-04-20 06:24:00-04:00,9.805,9.805,9.79,9.79,4369.0,9.79466,10
2026-04-20 06:25:00-04:00,9.79,9.79,9.79,9.79,100.0,9.79,1
2026-04-20 06:26:00-04:00,9.79,9.79,9.79,9.79,500.0,9.79,2
2026-04-20 06:27:00-04:00,9.78,9.785,9.78,9.785,699.0,9.78143,4
2026-04-20 06:28:00-04:00,9.785,9.785,9.785,9.785,0.0,9.785,0
2026-04-20 06:29:00-04:00,9.79,9.79,9.79,9.79,135.0,9.79,1
2026-04-20 06:30:00-04:00,9.8,9.8,9.8,9.8,400.0,9.8,2
2026-04-20 06:31:00-04:00,9.8,9.81,9.8,9.81,5037.0,9.80059,5
2026-04-20 06:32:00-04:00,9.82,9.82,9.82,9.82,1792.0,9.82,5
2026-04-20 06:33:00-04:00,9.82,9.82,9.82,9.82,0.0,9.82,0
2026-04-20 06:34:00-04:00,9.79,9.79,9.79,9.79,100.0,9.79,1
2026-04-20 06:35:00-04:00,9.79,9.79,9.79,9.79,0.0,9.79,0
2026-04-20 06:36:00-04:00,9.78,9.78,9.78,9.78,600.0,9.78,3
2026-04-20 06:37:00-04:00,9.78,9.78,9.78,9.78,992.0,9.78,5
2026-04-20 06:38:00-04:00,9.78,9.78,9.78,9.78,0.0,9.78,0
2026-04-20 06:39:00-04:00,9.78,9.78,9.78,9.78,0.0,9.78,0
2026-04-20 06:40:00-04:00,9.78,9.78,9.78,9.78,0.0,9.78,0
2026-04-20 06:41:00-04:00,9.79,9.8,9.79,9.8,300.0,9.79667,2
2026-04-20 06:42:00-04:00,9.79,9.79,9.79,9.79,435.0,9.79,3
2026-04-20 06:43:00-04:00,9.79,9.79,9.79,9.79,0.0,9.79,0
2026-04-20 06:44:00-04:00,9.79,9.79,9.79,9.79,0.0,9.79,0
2026-04-20 06:45:00-04:00,9.79,9.79,9.78,9.78,1084.0,9.78446,4
2026-04-20 06:46:00-04:00,9.79,9.79,9.77,9.77,1218.0,9.77522,4
2026-04-20 06:47:00-04:00,9.77,9.77,9.77,9.77,0.0,9.77,0
2026-04-20 06:48:00-04:00,9.78,9.78,9.78,9.78,200.0,9.78,1
2026-04-20 06:49:00-04:00,9.79,9.79,9.789,9.789,637.0,9.78928,2
2026-04-20 06:50:00-04:00,9.78,9.79,9.77,9.79,14570.0,9.77416,11
2026-04-20 06:51:00-04:00,9.8,9.81,9.79,9.79,5039.0,9.79679,14
2026-04-20 06:52:00-04:00,9.79,9.79,9.79,9.79,0.0,9.79,0
2026-04-20 06:53:00-04:00,9.79,9.79,9.79,9.79,0.0,9.79,0
2026-04-20 06:54:00-04:00,9.8,9.8,9.8,9.8,270.0,9.8,1
2026-04-20 06:55:00-04:00,9.79,9.79,9.79,9.79,500.0,9.79,1
2026-04-20 06:56:00-04:00,9.79,9.79,9.79,9.79,0.0,9.79,0
2026-04-20 06:57:00-04:00,9.79,9.79,9.79,9.79,300.0,9.79,1
2026-04-20 06:58:00-04:00,9.79,9.79,9.79,9.79,0.0,9.79,0
2026-04-20 06:59:00-04:00,9.79,9.79,9.79,9.79,0.0,9.79,0
2026-04-20 07:00:00-04:00,9.81,9.82,9.78,9.82,22046.0,9.80297,38
2026-04-20 07:01:00-04:00,9.8,9.8184,9.76,9.76,14875.0,9.7811,19
2026-04-20 07:02:00-04:00,9.75,9.8,9.75,9.775,25737.0,9.76805,43
2026-04-20 07:03:00-04:00,9.76,9.79,9.76,9.79,12637.0,9.77401,10
2026-04-20 07:04:00-04:00,9.7899,9.7899,9.77,9.77,374.0,9.77925,3
2026-04-20 07:05:00-04:00,9.79,9.79,9.76,9.76,1119.0,9.76268,5
2026-04-20 07:06:00-04:00,9.76,9.76,9.76,9.76,0.0,9.76,0
2026-04-20 07:07:00-04:00,9.79,9.79,9.76,9.76,915.0,9.77269,4
2026-04-20 07:08:00-04:00,9.751,9.77,9.75,9.76,6675.0,9.75427,13
2026-04-20 07:09:00-04:00,9.77,9.77,9.75,9.7501,2000.0,9.75502,6
2026-04-20 07:10:00-04:00,9.75,9.76,9.75,9.76,11118.0,9.75191,28
2026-04-20 07:11:00-04:00,9.7419,9.75,9.7419,9.75,400.0,9.74798,2
2026-04-20 07:12:00-04:00,9.75,9.76,9.75,9.76,5487.0,9.75205,13
2026-04-20 07:13:00-04:00,9.76,9.76,9.74,9.7484,2050.0,9.7478,6
2026-04-20 07:14:00-04:00,9.7487,9.756,9.7424,9.75,2763.0,9.7465,6
2026-04-20 07:15:00-04:00,9.76,9.77,9.745,9.75,6539.0,9.75438,12
2026-04-20 07:16:00-04:00,9.75,9.7503,9.75,9.7503,775.0,9.75005,3
2026-04-20 07:17:00-04:00,9.769,9.77,9.7505,9.7505,605.0,9.76,3
2026-04-20 07:18:00-04:00,9.77,9.77,9.77,9.77,200.0,9.77,2
2026-04-20 07:19:00-04:00,9.76,9.76,9.75,9.75,2161.0,9.75202,8
2026-04-20 07:20:00-04:00,9.75,9.75,9.75,9.75,950.0,9.75,4
2026-04-20 07:21:00-04:00,9.7503,9.76,9.74,9.7499,5676.0,9.75572,8
2026-04-20 07:22:00-04:00,9.75,9.75,9.74,9.75,6043.0,9.74576,10
2026-04-20 07:23:00-04:00,9.7498,9.75,9.74,9.7413,2333.0,9.74368,5
2026-04-20 07:24:00-04:00,9.75,9.76,9.75,9.76,10730.0,9.75057,7
2026-04-20 07:25:00-04:00,9.75,9.75,9.75,9.75,100.0,9.75,1
2026-04-20 07:26:00-04:00,9.75,9.76,9.75,9.76,3620.0,9.7549,6
2026-04-20 07:27:00-04:00,9.77,9.77,9.77,9.77,2100.0,9.77,3
2026-04-20 07:28:00-04:00,9.76,9.76,9.76,9.76,100.0,9.76,1
2026-04-20 07:29:00-04:00,9.7602,9.77,9.76,9.76,1165.0,9.76469,7
2026-04-20 07:30:00-04:00,9.7613,9.7613,9.7613,9.7613,200.0,9.7613,1
2026-04-20 07:31:00-04:00,9.77,9.77,9.77,9.77,1292.0,9.77,2
2026-04-20 07:32:00-04:00,9.7601,9.77,9.76,9.76,2033.0,9.76469,5
2026-04-20 07:33:00-04:00,9.78,9.78,9.78,9.78,100.0,9.78,1
2026-04-20 07:34:00-04:00,9.76,9.7624,9.76,9.7624,556.0,9.76043,3
2026-04-20 07:35:00-04:00,9.7824,9.7824,9.77,9.77,2725.0,9.77091,3
2026-04-20 07:36:00-04:00,9.7799,9.79,9.7797,9.79,2650.0,9.78265,5
2026-04-20 07:37:00-04:00,9.79,9.79,9.7851,9.79,2500.0,9.78902,3
2026-04-20 07:38:00-04:00,9.7797,9.7797,9.77,9.77,2055.0,9.77143,7
2026-04-20 07:39:00-04:00,9.7826,9.79,9.78,9.79,1150.0,9.78283,5
2026-04-20 07:40:00-04:00,9.78,9.7802,9.78,9.7802,8184.0,9.78019,2
2026-04-20 07:41:00-04:00,9.7812,9.7812,9.7812,9.7812,300.0,9.7812,1
2026-04-20 07:42:00-04:00,9.78,9.78,9.78,9.78,350.0,9.78,1
2026-04-20 07:43:00-04:00,9.78,9.79,9.78,9.78,3800.0,9.78836,4
2026-04-20 07:44:00-04:00,9.79,9.79,9.785,9.785,921.0,9.78826,5
2026-04-20 07:45:00-04:00,9.79,9.79,9.7899,9.79,9300.0,9.78996,11
2026-04-20 07:46:00-04:00,9.78,9.79,9.78,9.7829,16925.0,9.78975,18
2026-04-20 07:47:00-04:00,9.7998,9.7998,9.79,9.7901,1442.0,9.79343,6
2026-04-20 07:48:00-04:00,9.7902,9.7902,9.7902,9.7902,425.0,9.7902,1
2026-04-20 07:49:00-04:00,9.7974,9.8,9.7974,9.8,1801.0,9.79986,5
2026-04-20 07:50:00-04:00,9.7987,9.8,9.7987,9.8,2374.0,9.79945,8
2026-04-20 07:51:00-04:00,9.7997,9.7997,9.7997,9.7997,700.0,9.7997,1
2026-04-20 07:52:00-04:00,9.8,9.8,9.79,9.79,700.0,9.79714,2
2026-04-20 07:53:00-04:00,9.8,9.8,9.8,9.8,800.0,9.8,3
2026-04-20 07:54:00-04:00,9.79,9.7997,9.79,9.7987,584.0,9.79538,3
2026-04-20 07:55:00-04:00,9.79,9.79,9.79,9.79,960.0,9.79,2
2026-04-20 07:56:00-04:00,9.79,9.8,9.79,9.799,2518.0,9.79704,6
2026-04-20 07:57:00-04:00,9.8,9.8,9.79,9.7902,2402.0,9.79067,8
2026-04-20 07:58:00-04:00,9.7913,9.8,9.7913,9.8,1491.0,9.79428,2
2026-04-20 07:59:00-04:00,9.7998,9.7998,9.79,9.799,300.0,9.79627,3
2026-04-20 08:00:00-04:00,9.8,9.8,9.79,9.7997,1500.0,9.79657,5
2026-04-20 08:01:00-04:00,9.79,9.79,9.79,9.79,100.0,9.79,1
2026-04-20 08:02:00-04:00,9.79,9.8,9.79,9.8,8360.0,9.79717,13
2026-04-20 08:03:00-04:00,9.7901,9.7999,9.7901,9.7999,11400.0,9.7987,2
2026-04-20 08:04:00-04:00,9.7901,9.81,9.7901,9.81,4244.0,9.80478,8
2026-04-20 08:05:00-04:00,9.81,9.819,9.81,9.819,2263.0,9.8104,3
2026-04-20 08:06:00-04:00,9.8196,9.8196,9.8026,9.8026,620.0,9.81631,2
2026-04-20 08:07:00-04:00,9.82,9.82,9.8195,9.8195,2163.0,9.81986,9
2026-04-20 08:08:00-04:00,9.82,9.82,9.82,9.82,3548.0,9.82,4
2026-04-20 08:09:00-04:00,9.8198,9.84,9.8198,9.8387,11156.0,9.8315,14
2026-04-20 08:10:00-04:00,9.835,9.84,9.8302,9.84,3200.0,9.83608,8
2026-04-20 08:11:00-04:00,9.8313,9.84,9.83,9.83,9874.0,9.83325,5
2026-04-20 08:12:00-04:00,9.84,9.84,9.82,9.82,13097.0,9.83584,9
2026-04-20 08:13:00-04:00,9.82,9.82,9.82,9.82,400.0,9.82,2
2026-04-20 08:14:00-04:00,9.8302,9.8302,9.8302,9.8302,500.0,9.8302,1
2026-04-20 08:15:00-04:00,9.835,9.84,9.82,9.83,16300.0,9.82202,9
2026-04-20 08:16:00-04:00,9.82,9.82,9.82,9.82,1000.0,9.82,1
2026-04-20 08:17:00-04:00,9.83,9.83,9.8213,9.83,5000.0,9.82716,4
2026-04-20 08:18:00-04:00,9.82,9.83,9.82,9.8202,5588.0,9.82191,4
2026-04-20 08:19:00-04:00,9.82,9.83,9.82,9.83,300.0,9.82667,2
2026-04-20 08:20:00-04:00,9.8201,9.83,9.8201,9.8201,10802.0,9.82074,5
2026-04-20 08:21:00-04:00,9.83,9.83,9.82,9.8201,4366.0,9.82242,11
2026-04-20 08:22:00-04:00,9.8287,9.83,9.8201,9.8287,2305.0,9.82666,9
2026-04-20 08:23:00-04:00,9.825,9.83,9.81,9.82,14080.0,9.82159,23
2026-04-20 08:24:00-04:00,9.8,9.82,9.8,9.8026,1157.0,9.81279,3
2026-04-20 08:25:00-04:00,9.8002,9.8002,9.8002,9.8002,225.0,9.8002,1
2026-04-20 08:26:00-04:00,9.8099,9.81,9.8099,9.81,801.0,9.80999,6
2026-04-20 08:27:00-04:00,9.81,9.82,9.8,9.82,9292.0,9.80817,24
2026-04-20 08:28:00-04:00,9.8,9.8291,9.8,9.8291,8860.0,9.80036,2
2026-04-20 08:29:00-04:00,9.83,9.83,9.81,9.83,18100.0,9.81285,9
2026-04-20 08:30:00-04:00,9.83,9.84,9.815,9.8395,10571.0,9.83312,25
2026-04-20 08:31:00-04:00,9.84,9.85,9.81,9.8494,18082.0,9.84213,22
2026-04-20 08:32:00-04:00,9.85,9.85,9.84,9.85,12550.0,9.84986,15
2026-04-20 08:33:00-04:00,9.8499,9.85,9.84,9.8413,9200.0,9.84449,9
2026-04-20 08:34:00-04:00,9.85,9.85,9.8498,9.85,3287.0,9.84999,10
2026-04-20 08:35:00-04:00,9.8413,9.86,9.8413,9.86,33266.0,9.84874,22
2026-04-20 08:36:00-04:00,9.86,9.89,9.82,9.85,45526.0,9.85381,60
2026-04-20 08:37:00-04:00,9.85,9.85,9.8491,9.85,9282.0,9.8496,10
2026-04-20 08:38:00-04:00,9.84,9.84,9.825,9.84,20849.0,9.83814,16
2026-04-20 08:39:00-04:00,9.84,9.84,9.83,9.83,1260.0,9.83712,6
2026-04-20 08:40:00-04:00,9.84,9.85,9.835,9.84,2492.0,9.84098,11
2026-04-20 08:41:00-04:00,9.83,9.84,9.828,9.84,729.0,9.83625,7
2026-04-20 08:42:00-04:00,9.84,9.84,9.83,9.84,10982.0,9.83991,15
2026-04-20 08:43:00-04:00,9.83,9.84,9.83,9.84,7793.0,9.83987,10
2026-04-20 08:44:00-04:00,9.84,9.84,9.8302,9.84,2895.0,9.83623,10
2026-04-20 08:45:00-04:00,9.8399,9.84,9.83,9.84,3921.0,9.83742,9
2026-04-20 08:46:00-04:00,9.84,9.84,9.8398,9.84,4788.0,9.83996,10
2026-04-20 08:47:00-04:00,9.8387,9.84,9.8387,9.8399,6000.0,9.83997,7
2026-04-20 08:48:00-04:00,9.83,9.84,9.83,9.84,5840.0,9.83486,10
2026-04-20 08:49:00-04:00,9.84,9.87,9.84,9.8699,16399.0,9.84319,22
2026-04-20 08:50:00-04:00,9.8501,9.88,9.8501,9.88,17043.0,9.8704,14
2026-04-20 08:51:00-04:00,9.8798,9.88,9.8501,9.8501,25282.0,9.87178,18
2026-04-20 08:52:00-04:00,9.87,9.87,9.85,9.85,2577.0,9.86626,9
2026-04-20 08:53:00-04:00,9.8651,9.8699,9.86,9.8601,4641.0,9.86674,9
2026-04-20 08:54:00-04:00,9.8601,9.87,9.8601,9.87,15720.0,9.86373,10
2026-04-20 08:55:00-04:00,9.8702,9.88,9.87,9.88,5829.0,9.87563,5
2026-04-20 08:56:00-04:00,9.88,9.88,9.8773,9.88,3525.0,9.87977,6
2026-04-20 08:57:00-04:00,9.88,9.88,9.8601,9.87,6020.0,9.8677,12
2026-04-20 08:58:00-04:00,9.87,9.87,9.86,9.87,5572.0,9.86307,9
2026-04-20 08:59:00-04:00,9.87,9.87,9.8687,9.8687,3177.0,9.86906,5
2026-04-20 09:00:00-04:00,9.87,9.87,9.86,9.87,4720.0,9.8647,6
2026-04-20 09:01:00-04:00,9.87,9.87,9.86,9.86,11300.0,9.86485,9
2026-04-20 09:02:00-04:00,9.8601,9.87,9.855,9.87,11216.0,9.86207,29
2026-04-20 09:03:00-04:00,9.8601,9.87,9.85,9.85,16162.0,9.85587,20
2026-04-20 09:04:00-04:00,9.85,9.85,9.84,9.85,2325.0,9.84595,7
2026-04-20 09:05:00-04:00,9.8487,9.85,9.84,9.85,5937.0,9.84693,14
2026-04-20 09:06:00-04:00,9.85,9.8509,9.8487,9.8509,4117.0,9.84908,7
2026-04-20 09:07:00-04:00,9.85,9.86,9.85,9.855,3894.0,9.85105,9
2026-04-20 09:08:00-04:00,9.87,9.88,9.855,9.86,20910.0,9.871,44
2026-04-20 09:09:00-04:00,9.87,9.87,9.84,9.8497,15575.0,9.85111,12
2026-04-20 09:10:00-04:00,9.85,9.88,9.845,9.88,8298.0,9.86329,13
2026-04-20 09:11:00-04:00,9.87,9.87,9.85,9.87,5700.0,9.86463,12
2026-04-20 09:12:00-04:00,9.86,9.89,9.86,9.8742,24305.0,9.87188,33
2026-04-20 09:13:00-04:00,9.87,9.89,9.87,9.8709,1806.0,9.87307,3
2026-04-20 09:14:00-04:00,9.8802,9.9,9.8802,9.9,12720.0,9.89966,14
2026-04-20 09:15:00-04:00,9.9,9.9,9.89,9.9,6197.0,9.8973,14
2026-04-20 09:16:00-04:00,9.8997,9.92,9.8987,9.92,19172.0,9.90697,26
2026-04-20 09:17:00-04:00,9.9161,9.92,9.9,9.92,17986.0,9.91742,6
2026-04-20 09:18:00-04:00,9.9,9.92,9.89,9.92,7212.0,9.908,21
2026-04-20 09:19:00-04:00,9.92,9.93,9.91,9.9199,9381.0,9.91808,17
2026-04-20 09:20:00-04:00,9.91,9.91,9.9,9.9,6252.0,9.90595,15
2026-04-20 09:21:00-04:00,9.9003,9.91,9.9,9.9099,11261.0,9.90743,7
2026-04-20 09:22:00-04:00,9.9097,9.9097,9.9097,9.9097,200.0,9.9097,1
2026-04-20 09:23:00-04:00,9.9097,9.91,9.9001,9.9001,27450.0,9.90981,8
2026-04-20 09:24:00-04:00,9.9,9.9001,9.9,9.9001,747.0,9.90003,4
2026-04-20 09:25:00-04:00,9.9,9.9,9.85,9.8502,14926.0,9.87802,38
2026-04-20 09:26:00-04:00,9.85,9.86,9.85,9.85,27168.0,9.85171,44
2026-04-20 09:27:00-04:00,9.84,9.85,9.81,9.81,11088.0,9.83561,21
2026-04-20 09:28:00-04:00,9.8,9.82,9.78,9.8,30316.0,9.8006,62
2026-04-20 09:29:00-04:00,9.81,9.81,9.79,9.8,19164.0,9.79867,31
2026-04-20 09:30:00-04:00,9.81,9.91,9.8,9.8601,600521.0,9.82703,610
2026-04-20 09:31:00-04:00,9.861,9.861,9.66,9.7898,709103.0,9.73197,1586
2026-04-20 09:32:00-04:00,9.785,9.98,9.785,9.97,322616.0,9.89109,623
2026-04-20 09:33:00-04:00,9.96,9.969,9.86,9.9199,199875.0,9.90906,675
2026-04-20 09:34:00-04:00,9.92,9.945,9.86,9.89,180755.0,9.90135,340
2026-04-20 09:35:00-04:00,9.9,9.91,9.82,9.865,156748.0,9.85621,453
2026-04-20 09:36:00-04:00,9.86,9.91,9.86,9.891,127570.0,9.89574,423
2026-04-20 09:37:00-04:00,9.895,9.95,9.8601,9.94,349969.0,9.91382,848
2026-04-20 09:38:00-04:00,9.93,9.95,9.89,9.939,266487.0,9.91295,380
2026-04-20 09:39:00-04:00,9.9302,10.01,9.9302,9.995,353815.0,9.97714,640
2026-04-20 09:40:00-04:00,10.0,10.01,9.95,10.0,166122.0,9.98641,390
2026-04-20 09:41:00-04:00,10.0006,10.06,9.9701,10.05,255052.0,10.01833,414
2026-04-20 09:42:00-04:00,10.045,10.1,10.02,10.085,302611.0,10.07146,457
2026-04-20 09:43:00-04:00,10.085,10.18,10.07,10.15,448698.0,10.12662,685
2026-04-20 09:44:00-04:00,10.1593,10.17,10.1,10.13,294788.0,10.13576,587
2026-04-20 09:45:00-04:00,10.13,10.16,10.11,10.125,322972.0,10.13521,661
2026-04-20 09:46:00-04:00,10.125,10.13,10.04,10.05,266878.0,10.07894,536
2026-04-20 09:47:00-04:00,10.051,10.06,9.98,10.015,191696.0,10.02128,435
2026-04-20 09:48:00-04:00,10.025,10.0589,10.0,10.04,243451.0,10.02562,480
2026-04-20 09:49:00-04:00,10.035,10.0599,10.0,10.0501,143074.0,10.03224,300
2026-04-20 09:50:00-04:00,10.0599,10.12,10.055,10.089,172723.0,10.09929,363
2026-04-20 09:51:00-04:00,10.085,10.12,10.0801,10.1101,175783.0,10.10414,309
2026-04-20 09:52:00-04:00,10.115,10.16,10.1101,10.1435,251203.0,10.14275,393
2026-04-20 09:53:00-04:00,10.145,10.145,10.115,10.135,149735.0,10.13032,218
2026-04-20 09:54:00-04:00,10.14,10.21,10.14,10.2001,555345.0,10.17798,572
2026-04-20 09:55:00-04:00,10.2099,10.27,10.2,10.235,566248.0,10.24377,872
2026-04-20 09:56:00-04:00,10.2351,10.3,10.22,10.3,423938.0,10.26817,551
2026-04-20 09:57:00-04:00,10.2968,10.39,10.29,10.3899,691747.0,10.34621,981
2026-04-20 09:58:00-04:00,10.385,10.45,10.34,10.355,1023218.0,10.40032,1179
2026-04-20 09:59:00-04:00,10.355,10.45,10.34,10.445,642120.0,10.38732,803
2026-04-20 10:00:00-04:00,10.4485,10.475,10.41,10.44,646563.0,10.44119,950
2026-04-20 10:01:00-04:00,10.445,10.575,10.4403,10.56,1925423.0,10.52422,2727
2026-04-20 10:02:00-04:00,10.555,10.64,10.505,10.6399,1175679.0,10.57323,1787
2026-04-20 10:03:00-04:00,10.635,10.67,10.56,10.57,756001.0,10.61306,1295
2026-04-20 10:04:00-04:00,10.56,10.6,10.5201,10.5507,557032.0,10.55888,965
2026-04-20 10:05:00-04:00,10.55,10.56,10.47,10.48,509266.0,10.49786,930
2026-04-20 10:06:00-04:00,10.485,10.52,10.47,10.5052,575325.0,10.50229,615
2026-04-20 10:07:00-04:00,10.51,10.58,10.46,10.57,448280.0,10.52974,709
2026-04-20 10:08:00-04:00,10.57,10.59,10.53,10.5651,417962.0,10.55644,534
2026-04-20 10:09:00-04:00,10.565,10.58,10.47,10.555,552516.0,10.53433,1082
2026-04-20 10:10:00-04:00,10.559,10.6,10.535,10.555,428097.0,10.56438,535
2026-04-20 10:11:00-04:00,10.55,10.555,10.485,10.495,296990.0,10.5083,404
2026-04-20 10:12:00-04:00,10.495,10.53,10.45,10.53,402812.0,10.48399,675
2026-04-20 10:13:00-04:00,10.5299,10.65,10.5299,10.61,833642.0,10.60964,1385
2026-04-20 10:14:00-04:00,10.61,10.62,10.57,10.5889,272001.0,10.59236,521
2026-04-20 10:15:00-04:00,10.58,10.6,10.52,10.545,225127.0,10.54315,443
2026-04-20 10:16:00-04:00,10.54,10.56,10.49,10.515,367859.0,10.51694,584
2026-04-20 10:17:00-04:00,10.52,10.57,10.495,10.555,295900.0,10.54186,495
2026-04-20 10:18:00-04:00,10.55,10.56,10.51,10.515,158331.0,10.54356,345
2026-04-20 10:19:00-04:00,10.5101,10.53,10.49,10.51,262119.0,10.50819,478
2026-04-20 10:20:00-04:00,10.52,10.54,10.49,10.5297,194202.0,10.51785,369
2026-04-20 10:21:00-04:00,10.5233,10.55,10.52,10.5499,182049.0,10.5357,359
2026-04-20 10:22:00-04:00,10.545,10.66,10.54,10.625,715521.0,10.61808,1103
2026-04-20 10:23:00-04:00,10.62,10.67,10.62,10.655,408767.0,10.6491,644
2026-04-20 10:24:00-04:00,10.655,10.7,10.63,10.6993,543996.0,10.67457,725
2026-04-20 10:25:00-04:00,10.69,10.7,10.59,10.615,456684.0,10.65384,780
2026-04-20 10:26:00-04:00,10.6199,10.695,10.615,10.6392,247911.0,10.65613,453
2026-04-20 10:27:00-04:00,10.635,10.64,10.59,10.6001,308730.0,10.6163,695
2026-04-20 10:28:00-04:00,10.605,10.615,10.5802,10.6,253579.0,10.60059,442
2026-04-20 10:29:00-04:00,10.595,10.61,10.57,10.6,287432.0,10.58226,589
2026-04-20 10:30:00-04:00,10.605,10.685,10.585,10.595,1146425.0,10.62405,1061
2026-04-20 10:31:00-04:00,10.5911,10.6,10.52,10.579,245537.0,10.56017,522
2026-04-20 10:32:00-04:00,10.57,10.59,10.55,10.5899,281884.0,10.57038,288
2026-04-20 10:33:00-04:00,10.585,10.6151,10.53,10.5301,270296.0,10.59136,566
2026-04-20 10:34:00-04:00,10.535,10.55,10.485,10.5001,326436.0,10.51142,682
2026-04-20 10:35:00-04:00,10.5099,10.54,10.46,10.54,232266.0,10.49414,536
2026-04-20 10:36:00-04:00,10.54,10.59,10.54,10.585,167240.0,10.57376,334
2026-04-20 10:37:00-04:00,10.59,10.65,10.5896,10.645,299388.0,10.62348,476
2026-04-20 10:38:00-04:00,10.65,10.65,10.62,10.625,187622.0,10.63822,325
2026-04-20 10:39:00-04:00,10.6216,10.625,10.56,10.57,204516.0,10.58606,452
2026-04-20 10:40:00-04:00,10.5798,10.595,10.56,10.565,185647.0,10.57718,304
2026-04-20 10:41:00-04:00,10.565,10.575,10.535,10.56,237416.0,10.55613,614
2026-04-20 10:42:00-04:00,10.555,10.5699,10.51,10.545,250768.0,10.5351,485
2026-04-20 10:43:00-04:00,10.5402,10.565,10.53,10.5449,97481.0,10.5432,245
2026-04-20 10:44:00-04:00,10.545,10.605,10.535,10.585,150034.0,10.58517,380
2026-04-20 10:45:00-04:00,10.5851,10.65,10.585,10.625,157511.0,10.62131,399
2026-04-20 10:46:00-04:00,10.63,10.67,10.625,10.64,343920.0,10.65427,608
2026-04-20 10:47:00-04:00,10.645,10.69,10.64,10.685,270543.0,10.67433,399
2026-04-20 10:48:00-04:00,10.685,10.75,10.6801,10.745,762695.0,10.71516,964
2026-04-20 10:49:00-04:00,10.7485,10.78,10.74,10.765,569242.0,10.75719,910
2026-04-20 10:50:00-04:00,10.765,10.79,10.74,10.7798,336109.0,10.76468,602
2026-04-20 10:51:00-04:00,10.775,10.775,10.57,10.655,825287.0,10.64514,1696
2026-04-20 10:52:00-04:00,10.65,10.72,10.635,10.635,417703.0,10.67306,713
2026-04-20 10:53:00-04:00,10.64,10.68,10.61,10.635,196566.0,10.64172,285
2026-04-20 10:54:00-04:00,10.635,10.6599,10.6,10.65,341161.0,10.62651,621
2026-04-20 10:55:00-04:00,10.655,10.68,10.63,10.675,244942.0,10.65071,567
2026-04-20 10:56:00-04:00,10.675,10.68,10.595,10.5999,274502.0,10.63473,663
2026-04-20 10:57:00-04:00,10.595,10.645,10.59,10.625,158207.0,10.62008,335
2026-04-20 10:58:00-04:00,10.625,10.635,10.59,10.6,169300.0,10.60426,315
2026-04-20 10:59:00-04:00,10.6,10.64,10.58,10.635,138273.0,10.59765,358
2026-04-20 11:00:00-04:00,10.6301,10.695,10.6301,10.69,193711.0,10.6638,469
2026-04-20 11:01:00-04:00,10.685,10.69,10.56,10.575,178856.0,10.63176,397
2026-04-20 11:02:00-04:00,10.5751,10.61,10.5601,10.575,189617.0,10.58728,370
2026-04-20 11:03:00-04:00,10.575,10.595,10.54,10.57,193406.0,10.56464,374
2026-04-20 11:04:00-04:00,10.575,10.58,10.54,10.565,223439.0,10.55614,437
2026-04-20 11:05:00-04:00,10.565,10.6099,10.56,10.585,120023.0,10.58772,241
2026-04-20 11:06:00-04:00,10.59,10.5982,10.55,10.595,162494.0,10.58156,286
2026-04-20 11:07:00-04:00,10.595,10.595,10.51,10.5201,218355.0,10.5344,416
2026-04-20 11:08:00-04:00,10.5299,10.59,10.51,10.5801,202453.0,10.54393,468
2026-04-20 11:09:00-04:00,10.5851,10.59,10.5503,10.565,157784.0,10.57381,374
2026-04-20 11:10:00-04:00,10.565,10.595,10.545,10.5901,187829.0,10.56656,416
2026-04-20 11:11:00-04:00,10.595,10.69,10.585,10.675,245669.0,10.64222,460
2026-04-20 11:12:00-04:00,10.68,10.68,10.645,10.665,206131.0,10.65725,350
2026-04-20 11:13:00-04:00,10.67,10.71,10.665,10.71,283878.0,10.6925,474
2026-04-20 11:14:00-04:00,10.7099,10.78,10.705,10.745,326778.0,10.7476,521
2026-04-20 11:15:00-04:00,10.74,10.76,10.73,10.75,182516.0,10.74398,365
2026-04-20 11:16:00-04:00,10.76,10.79,10.71,10.7499,323939.0,10.74769,512
2026-04-20 11:17:00-04:00,10.75,10.81,10.745,10.765,580717.0,10.79336,950
2026-04-20 11:18:00-04:00,10.77,10.81,10.76,10.785,379878.0,10.79159,520
2026-04-20 11:19:00-04:00,10.785,10.8,10.77,10.8,158364.0,10.78396,294
2026-04-20 11:20:00-04:00,10.795,10.81,10.78,10.8097,253973.0,10.79919,375
2026-04-20 11:21:00-04:00,10.805,10.87,10.79,10.845,621532.0,10.84093,875
2026-04-20 11:22:00-04:00,10.85,10.88,10.84,10.86,188018.0,10.86078,369
2026-04-20 11:23:00-04:00,10.855,10.92,10.84,10.905,549410.0,10.88638,882
2026-04-20 11:24:00-04:00,10.9,10.94,10.9,10.925,254601.0,10.93122,480
2026-04-20 11:25:00-04:00,10.925,11.0,10.9201,10.995,743333.0,10.9693,1094
2026-04-20 11:26:00-04:00,10.995,11.01,10.95,10.9513,1340164.0,10.99238,1806
2026-04-20 11:27:00-04:00,10.955,10.96,10.91,10.915,239134.0,10.93071,526
2026-04-20 11:28:00-04:00,10.91,10.925,10.86,10.88,461788.0,10.89557,836
2026-04-20 11:29:00-04:00,10.8851,10.94,10.87,10.9301,261414.0,10.89367,421
2026-04-20 11:30:00-04:00,10.9399,10.97,10.92,10.9375,400973.0,10.94638,702
2026-04-20 11:31:00-04:00,10.935,10.94,10.88,10.885,504884.0,10.91267,742
2026-04-20 11:32:00-04:00,10.88,10.89,10.8123,10.855,354056.0,10.84582,668
2026-04-20 11:33:00-04:00,10.85,10.9,10.8401,10.895,160984.0,10.88355,294
2026-04-20 11:34:00-04:00,10.895,10.9,10.87,10.8803,214255.0,10.88316,504
2026-04-20 11:35:00-04:00,10.8801,10.91,10.88,10.905,230012.0,10.89374,441
2026-04-20 11:36:00-04:00,10.9099,10.92,10.88,10.915,303650.0,10.89859,387
2026-04-20 11:37:00-04:00,10.915,10.95,10.9,10.945,312381.0,10.92017,434
2026-04-20 11:38:00-04:00,10.945,11.0,10.9403,10.9999,650278.0,10.9795,706
2026-04-20 11:39:00-04:00,10.9951,11.02,10.98,11.0099,509449.0,11.00168,798
2026-04-20 11:40:00-04:00,11.0001,11.045,11.0,11.0303,377168.0,11.02435,563
2026-04-20 11:41:00-04:00,11.035,11.06,11.03,11.04,401357.0,11.04844,636
2026-04-20 11:42:00-04:00,11.045,11.05,11.01,11.02,254939.0,11.02863,506
2026-04-20 11:43:00-04:00,11.02,11.04,10.97,10.985,379482.0,11.00088,559
2026-04-20 11:44:00-04:00,10.985,11.0,10.96,10.99,449888.0,10.98429,525
2026-04-20 11:45:00-04:00,10.99,11.02,10.95,10.975,602973.0,10.97916,884
2026-04-20 11:46:00-04:00,10.975,10.98,10.95,10.965,206106.0,10.96459,298
2026-04-20 11:47:00-04:00,10.965,11.0,10.95,10.99,103427.0,10.97895,230
2026-04-20 11:48:00-04:00,10.99,11.0,10.98,10.985,114038.0,10.993,222
2026-04-20 11:49:00-04:00,10.985,10.99,10.95,10.955,160441.0,10.96484,322
2026-04-20 11:50:00-04:00,10.955,10.96,10.92,10.925,183418.0,10.93418,388
2026-04-20 11:51:00-04:00,10.925,10.935,10.9,10.935,214228.0,10.91818,500
2026-04-20 11:52:00-04:00,10.935,10.94,10.91,10.9301,157448.0,10.92257,286
2026-04-20 11:53:00-04:00,10.935,10.9396,10.92,10.93,117420.0,10.92743,198
2026-04-20 11:54:00-04:00,10.9208,10.93,10.9,10.92,116315.0,10.91976,251
2026-04-20 11:55:00-04:00,10.9201,10.925,10.89,10.895,227603.0,10.90186,282
2026-04-20 11:56:00-04:00,10.89,10.895,10.84,10.865,251637.0,10.86355,466
2026-04-20 11:57:00-04:00,10.8601,10.8799,10.84,10.845,177235.0,10.86422,260
2026-04-20 11:58:00-04:00,10.845,10.85,10.82,10.845,396728.0,10.83183,271
2026-04-20 11:59:00-04:00,10.84,10.88,10.84,10.86,199035.0,10.86711,321
2026-04-20 12:00:00-04:00,10.865,10.88,10.8301,10.835,85399.0,10.85761,253
2026-04-20 12:01:00-04:00,10.835,10.84,10.73,10.765,1101733.0,10.78584,1003
2026-04-20 12:02:00-04:00,10.765,10.785,10.755,10.76,212221.0,10.77144,481
2026-04-20 12:03:00-04:00,10.765,10.7899,10.725,10.735,213358.0,10.74913,440
2026-04-20 12:04:00-04:00,10.735,10.76,10.73,10.745,103833.0,10.74669,224
2026-04-20 12:05:00-04:00,10.755,10.79,10.74,10.7801,138225.0,10.76499,331
2026-04-20 12:06:00-04:00,10.785,10.805,10.78,10.805,267276.0,10.79745,354
2026-04-20 12:07:00-04:00,10.795,10.8,10.78,10.785,149976.0,10.79017,343
2026-04-20 12:08:00-04:00,10.7899,10.805,10.763,10.765,197537.0,10.79155,371
2026-04-20 12:09:00-04:00,10.76,10.78,10.7501,10.762,102267.0,10.76676,223
2026-04-20 12:10:00-04:00,10.7699,10.78,10.755,10.755,89027.0,10.76676,158
2026-04-20 12:11:00-04:00,10.755,10.76,10.74,10.7479,95355.0,10.75478,161
2026-04-20 12:12:00-04:00,10.75,10.75,10.68,10.685,308272.0,10.70721,467
2026-04-20 12:13:00-04:00,10.685,10.7,10.68,10.695,86965.0,10.69087,153
2026-04-20 12:14:00-04:00,10.695,10.7,10.67,10.68,107392.0,10.68469,206
2026-04-20 12:15:00-04:00,10.675,10.6899,10.65,10.6599,77047.0,10.66859,164
2026-04-20 12:16:00-04:00,10.655,10.6568,10.62,10.625,175393.0,10.63319,192
2026-04-20 12:17:00-04:00,10.625,10.65,10.61,10.6436,151160.0,10.63173,204
2026-04-20 12:18:00-04:00,10.6499,10.68,10.645,10.665,136836.0,10.66354,220
2026-04-20 12:19:00-04:00,10.665,10.69,10.65,10.665,158815.0,10.67098,196
2026-04-20 12:20:00-04:00,10.665,10.67,10.6501,10.665,74931.0,10.66578,112
2026-04-20 12:21:00-04:00,10.665,10.67,10.625,10.625,135747.0,10.64993,145
2026-04-20 12:22:00-04:00,10.62,10.63,10.585,10.6,192619.0,10.60276,288
2026-04-20 12:23:00-04:00,10.605,10.63,10.595,10.6099,277577.0,10.60764,525
2026-04-20 12:24:00-04:00,10.61,10.63,10.605,10.6201,47274.0,10.61495,111
2026-04-20 12:25:00-04:00,10.62,10.63,10.61,10.6136,73427.0,10.61814,84
2026-04-20 12:26:00-04:00,10.6101,10.62,10.57,10.575,202952.0,10.59172,223
2026-04-20 12:27:00-04:00,10.5799,10.59,10.57,10.575,76652.0,10.57843,98
2026-04-20 12:28:00-04:00,10.575,10.6,10.5601,10.5899,121013.0,10.58387,177
2026-04-20 12:29:00-04:00,10.58,10.61,10.58,10.61,46560.0,10.5951,90
2026-04-20 12:30:00-04:00,10.605,10.64,10.6,10.6203,154555.0,10.62196,253
2026-04-20 12:31:00-04:00,10.625,10.629,10.61,10.615,41171.0,10.61767,92
2026-04-20 12:32:00-04:00,10.61,10.67,10.6,10.665,217276.0,10.64213,329
2026-04-20 12:33:00-04:00,10.665,10.72,10.665,10.695,192920.0,10.69413,294
2026-04-20 12:34:00-04:00,10.695,10.7,10.6701,10.68,126025.0,10.68605,180
2026-04-20 12:35:00-04:00,10.68,10.68,10.64,10.66,102657.0,10.6544,161
2026-04-20 12:36:00-04:00,10.665,10.67,10.625,10.6397,117373.0,10.64049,206
2026-04-20 12:37:00-04:00,10.635,10.635,10.615,10.62,107172.0,10.62405,205
2026-04-20 12:38:00-04:00,10.61,10.645,10.61,10.625,46117.0,10.62942,87
2026-04-20 12:39:00-04:00,10.625,10.635,10.62,10.63,34738.0,10.6267,87
2026-04-20 12:40:00-04:00,10.6201,10.64,10.62,10.635,57457.0,10.62798,73
2026-04-20 12:41:00-04:00,10.635,10.7,10.635,10.69,149571.0,10.67116,270
2026-04-20 12:42:00-04:00,10.6801,10.6899,10.6599,10.67,100213.0,10.66892,301
2026-04-20 12:43:00-04:00,10.665,10.67,10.65,10.655,60025.0,10.65807,107
2026-04-20 12:44:00-04:00,10.65,10.65,10.6101,10.6299,109315.0,10.63146,188
2026-04-20 12:45:00-04:00,10.63,10.64,10.61,10.62,56818.0,10.62338,146
2026-04-20 12:46:00-04:00,10.6199,10.65,10.6199,10.635,81140.0,10.63488,143
2026-04-20 12:47:00-04:00,10.6368,10.645,10.63,10.64,91089.0,10.63777,137
2026-04-20 12:48:00-04:00,10.6399,10.64,10.625,10.635,71956.0,10.63326,121
2026-04-20 12:49:00-04:00,10.64,10.645,10.615,10.6299,80572.0,10.6283,175
2026-04-20 12:50:00-04:00,10.625,10.64,10.61,10.62,145272.0,10.6207,348
2026-04-20 12:51:00-04:00,10.625,10.625,10.57,10.59,182993.0,10.59226,219
2026-04-20 12:52:00-04:00,10.585,10.59,10.57,10.585,99845.0,10.57814,134
2026-04-20 12:53:00-04:00,10.585,10.59,10.57,10.585,55197.0,10.57924,128
2026-04-20 12:54:00-04:00,10.585,10.59,10.57,10.585,58217.0,10.57951,129
2026-04-20 12:55:00-04:00,10.5879,10.5879,10.565,10.57,70257.0,10.57469,132
2026-04-20 12:56:00-04:00,10.57,10.57,10.55,10.5501,71816.0,10.55697,105
2026-04-20 12:57:00-04:00,10.56,10.5699,10.55,10.555,91529.0,10.56118,145
2026-04-20 12:58:00-04:00,10.5588,10.58,10.55,10.5751,50907.0,10.56644,101
2026-04-20 12:59:00-04:00,10.575,10.59,10.57,10.5899,59728.0,10.58169,120
2026-04-20 13:00:00-04:00,10.5899,10.59,10.5701,10.59,47369.0,10.58285,109
2026-04-20 13:01:00-04:00,10.585,10.59,10.57,10.5799,129909.0,10.58212,279
2026-04-20 13:02:00-04:00,10.575,10.595,10.52,10.585,239938.0,10.55833,521
2026-04-20 13:03:00-04:00,10.585,10.59,10.545,10.5698,107966.0,10.56569,215
2026-04-20 13:04:00-04:00,10.56,10.58,10.56,10.5799,47673.0,10.57458,95
2026-04-20 13:05:00-04:00,10.5702,10.5875,10.57,10.5751,62997.0,10.5796,91
2026-04-20 13:06:00-04:00,10.58,10.63,10.57,10.6144,115267.0,10.61168,159
2026-04-20 13:07:00-04:00,10.6199,10.63,10.61,10.62,94471.0,10.62502,111
2026-04-20 13:08:00-04:00,10.625,10.64,10.62,10.6399,104955.0,10.62935,137
2026-04-20 13:09:00-04:00,10.63,10.65,10.63,10.63,92461.0,10.63852,139
2026-04-20 13:10:00-04:00,10.6299,10.65,10.6299,10.6301,90736.0,10.6409,162
2026-04-20 13:11:00-04:00,10.63,10.665,10.63,10.655,150153.0,10.65215,194
2026-04-20 13:12:00-04:00,10.655,10.67,10.65,10.66,143892.0,10.65918,202
2026-04-20 13:13:00-04:00,10.6599,10.72,10.6599,10.715,249808.0,10.69761,352
2026-04-20 13:14:00-04:00,10.715,10.74,10.71,10.715,297748.0,10.72639,330
2026-04-20 13:15:00-04:00,10.72,10.72,10.68,10.69,135793.0,10.69841,181
2026-04-20 13:16:00-04:00,10.695,10.7,10.68,10.695,163350.0,10.69076,217
2026-04-20 13:17:00-04:00,10.69,10.7,10.68,10.69,136402.0,10.69018,153
2026-04-20 13:18:00-04:00,10.695,10.735,10.69,10.725,203743.0,10.71764,249
2026-04-20 13:19:00-04:00,10.73,10.735,10.6903,10.695,123116.0,10.71226,209
2026-04-20 13:20:00-04:00,10.695,10.7,10.675,10.675,101762.0,10.68719,141
2026-04-20 13:21:00-04:00,10.675,10.685,10.66,10.665,63733.0,10.67218,112
2026-04-20 13:22:00-04:00,10.665,10.69,10.65,10.6799,84786.0,10.66596,166
2026-04-20 13:23:00-04:00,10.6837,10.685,10.67,10.685,196014.0,10.67846,140
2026-04-20 13:24:00-04:00,10.685,10.6899,10.6701,10.675,34525.0,10.68022,57
2026-04-20 13:25:00-04:00,10.67,10.675,10.63,10.6302,70618.0,10.65494,140
2026-04-20 13:26:00-04:00,10.635,10.6651,10.63,10.665,72796.0,10.64964,117
2026-04-20 13:27:00-04:00,10.66,10.69,10.659,10.67,64250.0,10.67006,152
2026-04-20 13:28:00-04:00,10.675,10.6999,10.67,10.6999,76211.0,10.68855,64
2026-04-20 13:29:00-04:00,10.6999,10.7,10.6801,10.695,48383.0,10.69232,118
2026-04-20 13:30:00-04:00,10.695,10.7,10.67,10.685,105691.0,10.68711,189
2026-04-20 13:31:00-04:00,10.68,10.6953,10.68,10.69,39926.0,10.68826,84
2026-04-20 13:32:00-04:00,10.6901,10.6985,10.68,10.69,38551.0,10.68512,67
2026-04-20 13:33:00-04:00,10.6899,10.7,10.67,10.6899,137979.0,10.68211,130
2026-04-20 13:34:00-04:00,10.685,10.71,10.68,10.685,77047.0,10.69328,166
2026-04-20 13:35:00-04:00,10.6899,10.715,10.67,10.705,144743.0,10.69647,350
2026-04-20 13:36:00-04:00,10.705,10.72,10.685,10.72,64923.0,10.7011,120
2026-04-20 13:37:00-04:00,10.71,10.73,10.7,10.705,135064.0,10.71245,189
2026-04-20 13:38:00-04:00,10.705,10.72,10.6901,10.695,101003.0,10.7087,183
2026-04-20 13:39:00-04:00,10.6971,10.7099,10.6725,10.695,67725.0,10.69401,132
2026-04-20 13:40:00-04:00,10.695,10.74,10.6901,10.73,117266.0,10.7195,149
2026-04-20 13:41:00-04:00,10.74,10.75,10.68,10.695,77105.0,10.71234,146
2026-04-20 13:42:00-04:00,10.69,10.7099,10.68,10.689,84877.0,10.69331,97
2026-04-20 13:43:00-04:00,10.68,10.69,10.67,10.68,66369.0,10.68422,124
2026-04-20 13:44:00-04:00,10.68,10.69,10.675,10.6799,57359.0,10.6832,94
2026-04-20 13:45:00-04:00,10.675,10.7,10.67,10.67,82864.0,10.68567,126
2026-04-20 13:46:00-04:00,10.675,10.68,10.63,10.6397,103362.0,10.65209,174
2026-04-20 13:47:00-04:00,10.6398,10.65,10.63,10.645,55826.0,10.64069,135
2026-04-20 13:48:00-04:00,10.645,10.655,10.64,10.645,110899.0,10.64632,185
2026-04-20 13:49:00-04:00,10.645,10.66,10.645,10.655,59155.0,10.65459,98
2026-04-20 13:50:00-04:00,10.66,10.66,10.64,10.64,47008.0,10.65215,72
2026-04-20 13:51:00-04:00,10.64,10.65,10.61,10.625,83597.0,10.62568,122
2026-04-20 13:52:00-04:00,10.625,10.64,10.61,10.625,49968.0,10.62677,127
2026-04-20 13:53:00-04:00,10.625,10.63,10.62,10.625,20139.0,10.62488,56
2026-04-20 13:54:00-04:00,10.63,10.63,10.61,10.62,23050.0,10.62329,82
2026-04-20 13:55:00-04:00,10.615,10.62,10.57,10.59,319086.0,10.58967,287
2026-04-20 13:56:00-04:00,10.58,10.59,10.56,10.575,109929.0,10.5737,243
2026-04-20 13:57:00-04:00,10.58,10.595,10.565,10.585,60724.0,10.58021,133
2026-04-20 13:58:00-04:00,10.5889,10.61,10.585,10.595,63591.0,10.59745,85
2026-04-20 13:59:00-04:00,10.6,10.6099,10.595,10.6064,77079.0,10.60473,72
2026-04-20 14:00:00-04:00,10.6099,10.64,10.6,10.6101,162178.0,10.62328,207
2026-04-20 14:01:00-04:00,10.6199,10.6199,10.6,10.615,86084.0,10.61267,82
2026-04-20 14:02:00-04:00,10.615,10.625,10.6,10.61,77198.0,10.61416,162
2026-04-20 14:03:00-04:00,10.6199,10.63,10.615,10.615,139824.0,10.62153,120
2026-04-20 14:04:00-04:00,10.61,10.635,10.6,10.635,64394.0,10.62012,131
2026-04-20 14:05:00-04:00,10.63,10.66,10.63,10.655,120509.0,10.64655,160
2026-04-20 14:06:00-04:00,10.655,10.67,10.65,10.655,150095.0,10.66166,231
2026-04-20 14:07:00-04:00,10.655,10.67,10.64,10.665,126126.0,10.64518,169
2026-04-20 14:08:00-04:00,10.6681,10.69,10.66,10.6892,255352.0,10.67656,202
2026-04-20 14:09:00-04:00,10.685,10.7,10.685,10.6992,81299.0,10.69449,114
2026-04-20 14:10:00-04:00,10.695,10.71,10.69,10.7002,120815.0,10.69962,198
2026-04-20 14:11:00-04:00,10.705,10.74,10.685,10.69,239448.0,10.71355,392
2026-04-20 14:12:00-04:00,10.6956,10.715,10.69,10.705,96881.0,10.70452,213
2026-04-20 14:13:00-04:00,10.71,10.72,10.7,10.72,106273.0,10.70973,136
2026-04-20 14:14:00-04:00,10.715,10.74,10.7101,10.7399,115879.0,10.72848,138
2026-04-20 14:15:00-04:00,10.735,10.77,10.73,10.7699,137609.0,10.74957,235
2026-04-20 14:16:00-04:00,10.77,10.77,10.74,10.74,102705.0,10.76047,225
2026-04-20 14:17:00-04:00,10.745,10.76,10.74,10.76,65022.0,10.75105,108
2026-04-20 14:18:00-04:00,10.755,10.76,10.73,10.735,109696.0,10.74581,176
2026-04-20 14:19:00-04:00,10.7397,10.765,10.7301,10.765,79987.0,10.75098,117
2026-04-20 14:20:00-04:00,10.7697,10.83,10.76,10.8201,347035.0,10.79835,383
2026-04-20 14:21:00-04:00,10.825,10.8299,10.81,10.815,91486.0,10.8186,161
2026-04-20 14:22:00-04:00,10.82,10.83,10.8001,10.8098,117692.0,10.81535,185
2026-04-20 14:23:00-04:00,10.805,10.82,10.8,10.8197,85481.0,10.80833,103
2026-04-20 14:24:00-04:00,10.8101,10.83,10.8101,10.825,62343.0,10.82357,110
2026-04-20 14:25:00-04:00,10.8299,10.83,10.8,10.805,80341.0,10.81081,158
2026-04-20 14:26:00-04:00,10.805,10.83,10.79,10.825,129611.0,10.8108,231
2026-04-20 14:27:00-04:00,10.829,10.84,10.82,10.8201,152027.0,10.83009,248
2026-04-20 14:28:00-04:00,10.8251,10.84,10.81,10.83,162486.0,10.82098,310
2026-04-20 14:29:00-04:00,10.83,10.87,10.83,10.86,164982.0,10.84775,297
2026-04-20 14:30:00-04:00,10.86,10.87,10.84,10.845,176044.0,10.86111,245
2026-04-20 14:31:00-04:00,10.845,10.85,10.82,10.8401,251210.0,10.84048,298
2026-04-20 14:32:00-04:00,10.845,10.85,10.83,10.845,96101.0,10.84214,156
2026-04-20 14:33:00-04:00,10.84,10.88,10.84,10.865,198386.0,10.86591,289
2026-04-20 14:34:00-04:00,10.87,10.89,10.865,10.8798,139701.0,10.87939,179
2026-04-20 14:35:00-04:00,10.8799,10.9,10.87,10.88,137153.0,10.88564,253
2026-04-20 14:36:00-04:00,10.88,10.88,10.845,10.853,168664.0,10.85645,409
2026-04-20 14:37:00-04:00,10.8501,10.8699,10.845,10.8599,91986.0,10.85546,171
2026-04-20 14:38:00-04:00,10.85,10.86,10.81,10.8199,95743.0,10.83153,186
2026-04-20 14:39:00-04:00,10.815,10.83,10.81,10.815,110078.0,10.81713,129
2026-04-20 14:40:00-04:00,10.815,10.86,10.81,10.84,104953.0,10.84097,140
2026-04-20 14:41:00-04:00,10.8499,10.85,10.815,10.8299,89751.0,10.8309,170
2026-04-20 14:42:00-04:00,10.825,10.85,10.82,10.845,46089.0,10.83781,108
2026-04-20 14:43:00-04:00,10.84,10.85,10.8301,10.835,61544.0,10.84097,101
2026-04-20 14:44:00-04:00,10.835,10.87,10.835,10.865,73095.0,10.84846,129
2026-04-20 14:45:00-04:00,10.865,10.88,10.86,10.8601,85762.0,10.86793,166
2026-04-20 14:46:00-04:00,10.87,10.87,10.855,10.8685,55647.0,10.86328,113
2026-04-20 14:47:00-04:00,10.865,10.87,10.8502,10.855,31280.0,10.86163,109
2026-04-20 14:48:00-04:00,10.855,10.91,10.855,10.8897,183872.0,10.88645,329
2026-04-20 14:49:00-04:00,10.89,10.92,10.885,10.915,149158.0,10.90878,252
2026-04-20 14:50:00-04:00,10.9199,10.96,10.915,10.9499,345730.0,10.94429,350
2026-04-20 14:51:00-04:00,10.9499,10.95,10.93,10.9341,91487.0,10.94107,149
2026-04-20 14:52:00-04:00,10.935,10.965,10.93,10.965,184513.0,10.95077,281
2026-04-20 14:53:00-04:00,10.965,11.0,10.965,10.98,390711.0,10.98309,493
2026-04-20 14:54:00-04:00,10.9799,10.98,10.96,10.975,158295.0,10.97386,208
2026-04-20 14:55:00-04:00,10.975,10.99,10.96,10.9858,160058.0,10.97404,290
2026-04-20 14:56:00-04:00,10.985,10.99,10.97,10.975,99616.0,10.9851,145
2026-04-20 14:57:00-04:00,10.98,10.98,10.95,10.965,167757.0,10.9658,262
2026-04-20 14:58:00-04:00,10.96,10.97,10.9501,10.965,133179.0,10.96357,217
2026-04-20 14:59:00-04:00,10.9699,10.98,10.96,10.98,58218.0,10.9731,91
2026-04-20 15:00:00-04:00,10.98,11.01,10.97,10.9701,705390.0,10.99641,942
2026-04-20 15:01:00-04:00,10.975,10.99,10.86,10.88,353825.0,10.91773,584
2026-04-20 15:02:00-04:00,10.87,10.87,10.85,10.85,56210.0,10.85956,89
2026-04-20 15:03:00-04:00,10.8503,10.87,10.84,10.85,125741.0,10.85453,260
2026-04-20 15:04:00-04:00,10.8486,10.875,10.835,10.875,138798.0,10.85212,342
2026-04-20 15:05:00-04:00,10.87,10.88,10.85,10.865,136363.0,10.86085,207
2026-04-20 15:06:00-04:00,10.865,10.87,10.85,10.855,63940.0,10.86008,112
2026-04-20 15:07:00-04:00,10.85,10.8689,10.82,10.8251,105820.0,10.84426,211
2026-04-20 15:08:00-04:00,10.8251,10.8575,10.81,10.8502,86689.0,10.8316,199
2026-04-20 15:09:00-04:00,10.85,10.87,10.85,10.865,68083.0,10.86139,112
2026-04-20 15:10:00-04:00,10.8699,10.89,10.855,10.8898,82840.0,10.87131,169
2026-04-20 15:11:00-04:00,10.885,10.9,10.88,10.895,95197.0,10.89145,142
2026-04-20 15:12:00-04:00,10.8999,10.9,10.885,10.9,50249.0,10.89379,92
2026-04-20 15:13:00-04:00,10.895,10.91,10.89,10.9033,70318.0,10.902,132
2026-04-20 15:14:00-04:00,10.905,10.9099,10.88,10.905,88823.0,10.89267,193
2026-04-20 15:15:00-04:00,10.905,10.91,10.89,10.895,55814.0,10.89622,126
2026-04-20 15:16:00-04:00,10.895,10.8999,10.87,10.8799,62353.0,10.88403,121
2026-04-20 15:17:00-04:00,10.8701,10.88,10.82,10.825,126341.0,10.84637,313
2026-04-20 15:18:00-04:00,10.8201,10.855,10.82,10.85,101409.0,10.84234,207
2026-04-20 15:19:00-04:00,10.855,10.8899,10.841,10.8831,86904.0,10.8637,119
2026-04-20 15:20:00-04:00,10.885,10.89,10.86,10.8701,48221.0,10.87448,96
2026-04-20 15:21:00-04:00,10.8736,10.91,10.87,10.905,166911.0,10.89026,186
2026-04-20 15:22:00-04:00,10.905,10.91,10.89,10.895,72847.0,10.89934,166
2026-04-20 15:23:00-04:00,10.895,10.895,10.87,10.875,85149.0,10.8825,162
2026-04-20 15:24:00-04:00,10.875,10.88,10.85,10.86,107854.0,10.8562,219
2026-04-20 15:25:00-04:00,10.86,10.86,10.83,10.835,62234.0,10.84652,99
2026-04-20 15:26:00-04:00,10.8325,10.84,10.8,10.805,163173.0,10.81841,259
2026-04-20 15:27:00-04:00,10.805,10.829,10.8,10.815,121968.0,10.81733,189
2026-04-20 15:28:00-04:00,10.82,10.86,10.82,10.855,159387.0,10.84351,155
2026-04-20 15:29:00-04:00,10.8539,10.87,10.845,10.8635,51352.0,10.85611,103
2026-04-20 15:30:00-04:00,10.865,10.89,10.86,10.8899,149485.0,10.87425,279
2026-04-20 15:31:00-04:00,10.885,10.905,10.82,10.83,150340.0,10.87025,378
2026-04-20 15:32:00-04:00,10.83,10.855,10.82,10.845,48656.0,10.83736,100
2026-04-20 15:33:00-04:00,10.845,10.85,10.83,10.84,47863.0,10.84044,135
2026-04-20 15:34:00-04:00,10.835,10.845,10.79,10.805,409876.0,10.80793,461
2026-04-20 15:35:00-04:00,10.805,10.805,10.77,10.785,261417.0,10.78491,324
2026-04-20 15:36:00-04:00,10.785,10.83,10.785,10.825,83584.0,10.80815,130
2026-04-20 15:37:00-04:00,10.825,10.8389,10.815,10.825,127556.0,10.8257,215
2026-04-20 15:38:00-04:00,10.83,10.84,10.8,10.805,92187.0,10.82387,198
2026-04-20 15:39:00-04:00,10.81,10.84,10.81,10.8349,102431.0,10.82682,195
2026-04-20 15:40:00-04:00,10.835,10.8351,10.78,10.785,140837.0,10.81033,256
2026-04-20 15:41:00-04:00,10.78,10.79,10.7201,10.725,206946.0,10.75855,392
2026-04-20 15:42:00-04:00,10.7299,10.73,10.71,10.715,106597.0,10.7196,154
2026-04-20 15:43:00-04:00,10.715,10.72,10.695,10.705,479567.0,10.7017,443
2026-04-20 15:44:00-04:00,10.705,10.725,10.7,10.7176,90776.0,10.70863,204
2026-04-20 15:45:00-04:00,10.715,10.74,10.71,10.7272,129424.0,10.72681,215
2026-04-20 15:46:00-04:00,10.725,10.725,10.6801,10.69,142204.0,10.69885,236
2026-04-20 15:47:00-04:00,10.69,10.71,10.68,10.705,79330.0,10.69472,161
2026-04-20 15:48:00-04:00,10.71,10.73,10.705,10.715,69643.0,10.71762,188
2026-04-20 15:49:00-04:00,10.7175,10.72,10.685,10.695,99100.0,10.70021,203
2026-04-20 15:50:00-04:00,10.7,10.74,10.7,10.72,364141.0,10.71977,358
2026-04-20 15:51:00-04:00,10.72,10.74,10.7101,10.7297,129860.0,10.72721,309
2026-04-20 15:52:00-04:00,10.7201,10.755,10.72,10.7279,125601.0,10.74049,314
2026-04-20 15:53:00-04:00,10.7276,10.74,10.68,10.685,199713.0,10.71619,433
2026-04-20 15:54:00-04:00,10.69,10.7199,10.68,10.69,153849.0,10.70022,411
2026-04-20 15:55:00-04:00,10.7,10.74,10.695,10.715,227255.0,10.7164,619
2026-04-20 15:56:00-04:00,10.715,10.755,10.705,10.705,414224.0,10.73126,792
2026-04-20 15:57:00-04:00,10.7025,10.705,10.68,10.695,323872.0,10.69372,680
2026-04-20 15:58:00-04:00,10.695,10.715,10.69,10.7001,488163.0,10.70352,1042
2026-04-20 15:59:00-04:00,10.705,10.725,10.7,10.72,650387.0,10.71578,1819
2026-04-20 16:00:00-04:00,10.73,10.7591,10.7,10.73,2602597.0,10.72991,46
2026-04-20 16:01:00-04:00,10.72,10.74,10.72,10.74,9035.0,10.72306,9
2026-04-20 16:02:00-04:00,10.75,10.7601,10.73,10.76,21757.0,10.75444,10
2026-04-20 16:03:00-04:00,10.7977,10.7977,10.7612,10.79,37876.0,10.78377,16
2026-04-20 16:04:00-04:00,10.7801,10.79,10.7701,10.7701,14605.0,10.77972,13
2026-04-20 16:05:00-04:00,10.77,10.77,10.76,10.7693,14314.0,10.76129,16
2026-04-20 16:06:00-04:00,10.7502,10.77,10.7502,10.77,1050.0,10.75829,4
2026-04-20 16:07:00-04:00,10.75,10.77,10.75,10.75,7495.0,10.75815,10
2026-04-20 16:08:00-04:00,10.75,10.75,10.74,10.74,2494.0,10.748,4
2026-04-20 16:09:00-04:00,10.75,10.76,10.75,10.76,18677.0,10.75789,11
2026-04-20 16:10:00-04:00,10.76,10.77,10.7426,10.77,11668.0,10.75921,13
2026-04-20 16:11:00-04:00,10.76,10.77,10.76,10.77,5114.0,10.76032,12
2026-04-20 16:12:00-04:00,10.76,10.7674,10.7426,10.7426,11621.0,10.75686,12
2026-04-20 16:13:00-04:00,10.74,10.75,10.74,10.75,350.0,10.74429,2
2026-04-20 16:14:00-04:00,10.75,10.75,10.7401,10.75,1800.0,10.74577,6
2026-04-20 16:15:00-04:00,10.75,10.75,10.73,10.75,2270.0,10.73763,10
2026-04-20 16:16:00-04:00,10.7461,10.75,10.74,10.7478,13041.0,10.74914,6
2026-04-20 16:17:00-04:00,10.7495,10.7495,10.7239,10.7239,1700.0,10.74649,2
2026-04-20 16:18:00-04:00,10.7239,10.7239,10.7239,10.7239,0.0,10.7239,0
2026-04-20 16:19:00-04:00,10.74,10.74,10.7302,10.7313,1500.0,10.73438,6
2026-04-20 16:20:00-04:00,10.74,10.74,10.73,10.73,2846.0,10.73649,2
2026-04-20 16:21:00-04:00,10.74,10.75,10.7309,10.75,9644.0,10.73882,8
2026-04-20 16:22:00-04:00,10.75,10.75,10.7497,10.75,2420.0,10.74988,6
2026-04-20 16:23:00-04:00,10.7499,10.7499,10.74,10.7401,1190.0,10.74169,4
2026-04-20 16:24:00-04:00,10.7497,10.77,10.7497,10.7699,10276.0,10.75316,24
2026-04-20 16:25:00-04:00,10.7699,10.77,10.7527,10.77,6781.0,10.76967,8
2026-04-20 16:26:00-04:00,10.78,10.78,10.7639,10.78,5950.0,10.77862,6
2026-04-20 16:27:00-04:00,10.7647,10.78,10.76,10.78,700.0,10.76487,3
2026-04-20 16:28:00-04:00,10.78,10.78,10.77,10.77,700.0,10.77714,3
2026-04-20 16:29:00-04:00,10.78,10.79,10.78,10.7896,1257.0,10.78602,5
2026-04-20 16:30:00-04:00,10.7876,10.79,10.77,10.79,1922.0,10.77913,7
2026-04-20 16:31:00-04:00,10.7876,10.7876,10.7786,10.7786,3947.0,10.78133,5
2026-04-20 16:32:00-04:00,10.7799,10.7799,10.7799,10.7799,250.0,10.7799,1
2026-04-20 16:33:00-04:00,10.79,10.79,10.79,10.79,3634.0,10.79,13
2026-04-20 16:34:00-04:00,10.79,10.8,10.78,10.8,914.0,10.79,7
2026-04-20 16:35:00-04:00,10.8,10.8,10.7804,10.8,12118.0,10.79951,10
2026-04-20 16:36:00-04:00,10.8,10.8,10.7997,10.8,1800.0,10.79975,4
2026-04-20 16:37:00-04:00,10.8,10.8,10.79,10.8,12846.0,10.7978,13
2026-04-20 16:38:00-04:00,10.79,10.8,10.79,10.8,200.0,10.795,2
2026-04-20 16:39:00-04:00,10.7999,10.8,10.79,10.8,3050.0,10.79912,6
2026-04-20 16:40:00-04:00,10.7998,10.7998,10.7998,10.7998,500.0,10.7998,1
2026-04-20 16:41:00-04:00,10.8,10.8,10.79,10.79,1399.0,10.79653,7
2026-04-20 16:42:00-04:00,10.7999,10.8,10.79,10.79,13280.0,10.7976,11
2026-04-20 16:43:00-04:00,10.79,10.79,10.78,10.79,2666.0,10.7894,6
2026-04-20 16:44:00-04:00,10.79,10.79,10.78,10.78,2200.0,10.78267,6
2026-04-20 16:45:00-04:00,10.79,10.79,10.78,10.7874,7546.0,10.78724,10
2026-04-20 16:46:00-04:00,10.77,10.79,10.77,10.79,526.0,10.7862,3
2026-04-20 16:47:00-04:00,10.77,10.78,10.77,10.78,295.0,10.77339,2
2026-04-20 16:48:00-04:00,10.7709,10.7709,10.7709,10.7709,158.0,10.7709,1
2026-04-20 16:49:00-04:00,10.7863,10.7863,10.7701,10.7701,700.0,10.77704,2
2026-04-20 16:50:00-04:00,10.77,10.77,10.77,10.77,200.0,10.77,2
2026-04-20 16:51:00-04:00,10.78,10.78,10.77,10.7792,300.0,10.7764,3
2026-04-20 16:52:00-04:00,10.78,10.78,10.7799,10.7799,280.0,10.77995,2
2026-04-20 16:53:00-04:00,10.78,10.7895,10.78,10.7895,2843.0,10.78334,6
2026-04-20 16:54:00-04:00,10.79,10.79,10.7878,10.7878,2900.0,10.78992,2
2026-04-20 16:55:00-04:00,10.7792,10.78,10.7703,10.7703,450.0,10.77443,3
2026-04-20 16:56:00-04:00,10.77,10.78,10.77,10.78,420.0,10.77476,3
2026-04-20 16:57:00-04:00,10.78,10.78,10.7799,10.7799,2350.0,10.77997,8
2026-04-20 16:58:00-04:00,10.78,10.78,10.77,10.77,3200.0,10.77594,8
2026-04-20 16:59:00-04:00,10.77,10.77,10.77,10.77,600.0,10.77,2
2026-04-20 17:00:00-04:00,10.7685,10.77,10.76,10.76,2963.0,10.76062,6
2026-04-20 17:01:00-04:00,10.76,10.76,10.76,10.76,907.0,10.76,4
2026-04-20 17:02:00-04:00,10.76,10.76,10.75,10.76,3570.0,10.75274,6
2026-04-20 17:03:00-04:00,10.76,10.76,10.76,10.76,100.0,10.76,1
2026-04-20 17:04:00-04:00,10.75,10.75,10.75,10.75,314.0,10.75,3
2026-04-20 17:05:00-04:00,10.7505,10.7505,10.75,10.75,1200.0,10.75017,3
2026-04-20 17:06:00-04:00,10.75,10.76,10.75,10.7599,4649.0,10.75955,8
2026-04-20 17:07:00-04:00,10.75,10.75,10.75,10.75,300.0,10.75,3
2026-04-20 17:08:00-04:00,10.7597,10.7597,10.7597,10.7597,150.0,10.7597,1
2026-04-20 17:09:00-04:00,10.75,10.7503,10.75,10.7503,270.0,10.75017,2
2026-04-20 17:10:00-04:00,10.75,10.75,10.73,10.74,6500.0,10.73528,11
2026-04-20 17:11:00-04:00,10.75,10.75,10.73,10.75,772.0,10.74039,5
2026-04-20 17:12:00-04:00,10.75,10.75,10.74,10.74,600.0,10.74333,5
2026-04-20 17:13:00-04:00,10.7498,10.7498,10.7498,10.7498,300.0,10.7498,1
2026-04-20 17:14:00-04:00,10.75,10.75,10.7301,10.75,1000.0,10.74002,4
2026-04-20 17:15:00-04:00,10.74,10.74,10.74,10.74,500.0,10.74,1
2026-04-20 17:16:00-04:00,10.74,10.74,10.73,10.74,922.0,10.73651,4
2026-04-20 17:17:00-04:00,10.74,10.74,10.7387,10.7387,1410.0,10.73972,3
2026-04-20 17:18:00-04:00,10.74,10.75,10.73,10.7308,7012.0,10.73307,5
2026-04-20 17:19:00-04:00,10.73,10.7301,10.7226,10.7226,7917.0,10.72906,19
2026-04-20 17:20:00-04:00,10.72,10.7203,10.72,10.7203,600.0,10.7201,2
2026-04-20 17:21:00-04:00,10.7203,10.7203,10.7203,10.7203,0.0,10.7203,0
2026-04-20 17:22:00-04:00,10.7287,10.73,10.7287,10.7298,800.0,10.72955,3
2026-04-20 17:23:00-04:00,10.7299,10.73,10.7202,10.73,10373.0,10.72522,4
2026-04-20 17:24:00-04:00,10.72,10.73,10.72,10.73,3082.0,10.72935,10
2026-04-20 17:25:00-04:00,10.7302,10.7302,10.7213,10.7213,5426.0,10.72199,5
2026-04-20 17:26:00-04:00,10.73,10.73,10.72,10.7201,5896.0,10.7202,16
2026-04-20 17:27:00-04:00,10.72,10.72,10.7126,10.7126,1036.0,10.71331,2
2026-04-20 17:28:00-04:00,10.71,10.73,10.71,10.7299,3863.0,10.72839,8
2026-04-20 17:29:00-04:00,10.73,10.73,10.72,10.72,821.0,10.72676,4
2026-04-20 17:30:00-04:00,10.7201,10.73,10.7201,10.73,5505.0,10.72049,3
2026-04-20 17:31:00-04:00,10.72,10.73,10.72,10.7299,1502.0,10.72275,5
2026-04-20 17:32:00-04:00,10.72,10.7201,10.71,10.72,4899.0,10.71939,11
2026-04-20 17:33:00-04:00,10.7101,10.7287,10.71,10.7287,4965.0,10.7135,5
2026-04-20 17:34:00-04:00,10.7203,10.73,10.72,10.72,5300.0,10.72066,4
2026-04-20 17:35:00-04:00,10.7297,10.7297,10.7297,10.7297,100.0,10.7297,1
2026-04-20 17:36:00-04:00,10.7297,10.7297,10.7297,10.7297,0.0,10.7297,0
2026-04-20 17:37:00-04:00,10.73,10.73,10.73,10.73,1422.0,10.73,5
2026-04-20 17:38:00-04:00,10.7397,10.75,10.7397,10.75,2537.0,10.74368,9
2026-04-20 17:39:00-04:00,10.74,10.74,10.74,10.74,1000.0,10.74,1
2026-04-20 17:40:00-04:00,10.75,10.76,10.75,10.76,5896.0,10.75848,4
2026-04-20 17:41:00-04:00,10.75,10.75,10.75,10.75,279.0,10.75,2
2026-04-20 17:42:00-04:00,10.7497,10.75,10.7487,10.7487,8567.0,10.74966,3
2026-04-20 17:43:00-04:00,10.75,10.75,10.73,10.7302,3591.0,10.73329,8
2026-04-20 17:44:00-04:00,10.74,10.75,10.74,10.75,800.0,10.74125,3
2026-04-20 17:45:00-04:00,10.75,10.75,10.74,10.74,1332.0,10.74775,6
2026-04-20 17:46:00-04:00,10.7413,10.75,10.7401,10.7401,3255.0,10.74521,4
2026-04-20 17:47:00-04:00,10.7497,10.7675,10.74,10.7675,8538.0,10.75175,28
2026-04-20 17:48:00-04:00,10.7675,10.77,10.76,10.76,600.0,10.7675,3
2026-04-20 17:49:00-04:00,10.7695,10.77,10.7693,10.7693,479.0,10.76975,4
2026-04-20 17:50:00-04:00,10.77,10.77,10.77,10.77,700.0,10.77,3
2026-04-20 17:51:00-04:00,10.77,10.78,10.77,10.78,633.0,10.77303,4
2026-04-20 17:52:00-04:00,10.7799,10.7799,10.7702,10.7702,1300.0,10.7784,3
2026-04-20 17:53:00-04:00,10.78,10.78,10.77,10.77,3671.0,10.77937,8
2026-04-20 17:54:00-04:00,10.78,10.78,10.78,10.78,150.0,10.78,1
2026-04-20 17:55:00-04:00,10.7793,10.78,10.7793,10.7797,5073.0,10.77986,6
2026-04-20 17:56:00-04:00,10.77,10.77,10.77,10.77,845.0,10.77,4
2026-04-20 17:57:00-04:00,10.7686,10.77,10.75,10.77,17462.0,10.76298,9
2026-04-20 17:58:00-04:00,10.75,10.77,10.75,10.77,2037.0,10.76558,12
2026-04-20 17:59:00-04:00,10.77,10.77,10.76,10.76,1213.0,10.76165,2
2026-04-20 18:00:00-04:00,10.76,10.77,10.76,10.77,1860.0,10.76294,6
2026-04-20 18:01:00-04:00,10.77,10.77,10.77,10.77,200.0,10.77,1
2026-04-20 18:02:00-04:00,10.7609,10.7609,10.76,10.76,930.0,10.7601,2
2026-04-20 18:03:00-04:00,10.77,10.77,10.77,10.77,200.0,10.77,1
2026-04-20 18:04:00-04:00,10.78,10.78,10.78,10.78,500.0,10.78,1
2026-04-20 18:05:00-04:00,10.77,10.77,10.77,10.77,474.0,10.77,2
2026-04-20 18:06:00-04:00,10.78,10.78,10.765,10.765,1116.0,10.77625,5
2026-04-20 18:07:00-04:00,10.77,10.78,10.76,10.76,1300.0,10.77385,6
2026-04-20 18:08:00-04:00,10.7795,10.7795,10.7795,10.7795,481.0,10.7795,1
2026-04-20 18:09:00-04:00,10.7797,10.7797,10.7797,10.7797,400.0,10.7797,1
2026-04-20 18:10:00-04:00,10.7795,10.78,10.7795,10.78,300.0,10.77967,2
2026-04-20 18:11:00-04:00,10.77,10.77,10.77,10.77,684.0,10.77,2
2026-04-20 18:12:00-04:00,10.77,10.78,10.77,10.78,200.0,10.775,2
2026-04-20 18:13:00-04:00,10.7799,10.78,10.7797,10.7797,1185.0,10.77991,3
2026-04-20 18:14:00-04:00,10.78,10.78,10.7798,10.7798,1955.0,10.77981,2
2026-04-20 18:15:00-04:00,10.7798,10.78,10.77,10.77,3532.0,10.77907,6
2026-04-20 18:16:00-04:00,10.77,10.78,10.77,10.78,300.0,10.77333,2
2026-04-20 18:17:00-04:00,10.78,10.78,10.78,10.78,0.0,10.78,0
2026-04-20 18:18:00-04:00,10.78,10.78,10.78,10.78,0.0,10.78,0
2026-04-20 18:19:00-04:00,10.77,10.77,10.77,10.77,853.0,10.77,4
2026-04-20 18:20:00-04:00,10.77,10.78,10.77,10.7797,3650.0,10.77605,6
2026-04-20 18:21:00-04:00,10.77,10.77,10.77,10.77,400.0,10.77,1
2026-04-20 18:22:00-04:00,10.77,10.77,10.76,10.77,8893.0,10.76978,10
2026-04-20 18:23:00-04:00,10.77,10.78,10.77,10.78,1490.0,10.77736,7
2026-04-20 18:24:00-04:00,10.79,10.8,10.79,10.79,18332.0,10.79005,7
2026-04-20 18:25:00-04:00,10.77,10.7998,10.77,10.7998,600.0,10.77497,2
2026-04-20 18:26:00-04:00,10.7976,10.7976,10.78,10.78,2020.0,10.79028,6
2026-04-20 18:27:00-04:00,10.79,10.79,10.7809,10.79,1231.0,10.78778,5
2026-04-20 18:28:00-04:00,10.7999,10.7999,10.7999,10.7999,4000.0,10.7999,1
2026-04-20 18:29:00-04:00,10.79,10.7993,10.79,10.7993,600.0,10.79775,2
2026-04-20 18:30:00-04:00,10.78,10.789,10.77,10.7701,3000.0,10.78185,8
2026-04-20 18:31:00-04:00,10.78,10.78,10.77,10.77,2200.0,10.77545,5
2026-04-20 18:32:00-04:00,10.77,10.77,10.77,10.77,0.0,10.77,0
2026-04-20 18:33:00-04:00,10.79,10.79,10.79,10.79,662.0,10.79,3
2026-04-20 18:34:00-04:00,10.78,10.78,10.77,10.77,2700.0,10.77257,5
2026-04-20 18:35:00-04:00,10.77,10.77,10.77,10.77,768.0,10.77,4
2026-04-20 18:36:00-04:00,10.79,10.79,10.7899,10.7899,292.0,10.78997,2
2026-04-20 18:37:00-04:00,10.7899,10.79,10.78,10.78,1635.0,10.78792,4
2026-04-20 18:38:00-04:00,10.77,10.79,10.77,10.78,530.0,10.77679,4
2026-04-20 18:39:00-04:00,10.77,10.7898,10.77,10.78,2310.0,10.78801,4
2026-04-20 18:40:00-04:00,10.78,10.78,10.78,10.78,0.0,10.78,0
2026-04-20 18:41:00-04:00,10.79,10.79,10.78,10.78,200.0,10.785,2
2026-04-20 18:42:00-04:00,10.78,10.79,10.78,10.7815,2900.0,10.78626,5
2026-04-20 18:43:00-04:00,10.78,10.79,10.78,10.7898,4361.0,10.78861,9
2026-04-20 18:44:00-04:00,10.78,10.79,10.78,10.79,1800.0,10.78722,7
2026-04-20 18:45:00-04:00,10.79,10.79,10.79,10.79,3272.0,10.79,14
2026-04-20 18:46:00-04:00,10.79,10.8,10.7801,10.79,5138.0,10.78922,23
2026-04-20 18:47:00-04:00,10.7987,10.8,10.7987,10.8,600.0,10.79978,2
2026-04-20 18:48:00-04:00,10.8,10.8,10.8,10.8,100.0,10.8,1
2026-04-20 18:49:00-04:00,10.8,10.81,10.8,10.81,33761.0,10.80014,31
2026-04-20 18:50:00-04:00,10.8199,10.82,10.8197,10.82,1375.0,10.81991,4
2026-04-20 18:51:00-04:00,10.82,10.84,10.82,10.84,1470.0,10.8319,5
2026-04-20 18:52:00-04:00,10.8399,10.84,10.82,10.83,2892.0,10.83552,10
2026-04-20 18:53:00-04:00,10.83,10.84,10.8204,10.84,1700.0,10.82835,4
2026-04-20 18:54:00-04:00,10.83,10.83,10.83,10.83,298.0,10.83,2
2026-04-20 18:55:00-04:00,10.8287,10.8297,10.82,10.8297,3959.0,10.82904,4
2026-04-20 18:56:00-04:00,10.8213,10.8374,10.82,10.8374,1964.0,10.82541,5
2026-04-20 18:57:00-04:00,10.84,10.84,10.81,10.8101,2852.0,10.81993,7
2026-04-20 18:58:00-04:00,10.82,10.82,10.8009,10.82,3500.0,10.81365,8
2026-04-20 18:59:00-04:00,10.8026,10.8194,10.8,10.8002,6320.0,10.80281,9
2026-04-20 19:00:00-04:00,10.8178,10.82,10.81,10.81,1950.0,10.81202,4
2026-04-20 19:01:00-04:00,10.8,10.8,10.8,10.8,1000.0,10.8,2
2026-04-20 19:02:00-04:00,10.8,10.8,10.79,10.7991,12070.0,10.79961,7
2026-04-20 19:03:00-04:00,10.79,10.79,10.78,10.7803,810.0,10.78253,4
2026-04-20 19:04:00-04:00,10.78,10.8,10.78,10.8,4811.0,10.78159,8
2026-04-20 19:05:00-04:00,10.7979,10.7979,10.7979,10.7979,500.0,10.7979,1
2026-04-20 19:06:00-04:00,10.7995,10.8,10.7825,10.7825,1263.0,10.79822,3
2026-04-20 19:07:00-04:00,10.7802,10.8,10.7802,10.7901,1550.0,10.78435,3
2026-04-20 19:08:00-04:00,10.8,10.8,10.7901,10.7901,1300.0,10.79828,3
2026-04-20 19:09:00-04:00,10.79,10.79,10.78,10.78,1001.0,10.782,4
2026-04-20 19:10:00-04:00,10.7996,10.7996,10.7996,10.7996,150.0,10.7996,1
2026-04-20 19:11:00-04:00,10.7974,10.7974,10.78,10.78,1774.0,10.78221,3
2026-04-20 19:12:00-04:00,10.79,10.8,10.79,10.7998,1900.0,10.79859,4
2026-04-20 19:13:00-04:00,10.7995,10.8,10.7901,10.8,3266.0,10.79793,9
2026-04-20 19:14:00-04:00,10.7901,10.81,10.7901,10.81,1400.0,10.79927,5
2026-04-20 19:15:00-04:00,10.79,10.8097,10.79,10.8097,1053.0,10.79342,3
2026-04-20 19:16:00-04:00,10.8,10.82,10.8,10.8187,3560.0,10.81836,3
2026-04-20 19:17:00-04:00,10.8194,10.8197,10.8184,10.8197,2700.0,10.8195,4
2026-04-20 19:18:00-04:00,10.8101,10.8101,10.7998,10.7998,19099.0,10.80956,5
2026-04-20 19:19:00-04:00,10.7999,10.7999,10.7999,10.7999,600.0,10.7999,1
2026-04-20 19:20:00-04:00,10.8,10.8,10.79,10.79,2100.0,10.79519,4
2026-04-20 19:21:00-04:00,10.8,10.8,10.7997,10.7997,1360.0,10.79994,4
2026-04-20 19:22:00-04:00,10.7997,10.7997,10.7997,10.7997,0.0,10.7997,0
2026-04-20 19:23:00-04:00,10.7997,10.7997,10.7997,10.7997,0.0,10.7997,0
2026-04-20 19:24:00-04:00,10.79,10.79,10.7801,10.7801,400.0,10.78258,2
2026-04-20 19:25:00-04:00,10.7802,10.7887,10.7802,10.7887,1675.0,10.78781,2
2026-04-20 19:26:00-04:00,10.7802,10.7899,10.7802,10.7887,4300.0,10.78262,4
2026-04-20 19:27:00-04:00,10.78,10.78,10.78,10.78,100.0,10.78,1
2026-04-20 19:28:00-04:00,10.78,10.79,10.78,10.79,4387.0,10.78943,9
2026-04-20 19:29:00-04:00,10.79,10.79,10.79,10.79,0.0,10.79,0
2026-04-20 19:30:00-04:00,10.78,10.78,10.76,10.76,4466.0,10.77326,18
2026-04-20 19:31:00-04:00,10.76,10.7899,10.76,10.7899,333.0,10.76898,3
2026-04-20 19:32:00-04:00,10.79,10.79,10.77,10.77,1013.0,10.77197,2
2026-04-20 19:33:00-04:00,10.79,10.79,10.79,10.79,935.0,10.79,2
2026-04-20 19:34:00-04:00,10.79,10.79,10.79,10.79,400.0,10.79,1
2026-04-20 19:35:00-04:00,10.8,10.8,10.78,10.78,1190.0,10.79209,6
2026-04-20 19:36:00-04:00,10.79,10.79,10.78,10.79,900.0,10.78441,4
2026-04-20 19:37:00-04:00,10.8,10.81,10.8,10.81,5763.0,10.80863,5
2026-04-20 19:38:00-04:00,10.8,10.81,10.8,10.81,1173.0,10.80829,3
2026-04-20 19:39:00-04:00,10.8,10.81,10.8,10.8,1059.0,10.80109,4
2026-04-20 19:40:00-04:00,10.8013,10.81,10.8,10.81,1200.0,10.80393,5
2026-04-20 19:41:00-04:00,10.8,10.8,10.7902,10.7926,2579.0,10.7938,10
2026-04-20 19:42:00-04:00,10.8,10.81,10.8,10.81,8425.0,10.80271,5
2026-04-20 19:43:00-04:00,10.8,10.8,10.8,10.8,393.0,10.8,2
2026-04-20 19:44:00-04:00,10.8097,10.8097,10.8097,10.8097,100.0,10.8097,1
2026-04-20 19:45:00-04:00,10.8098,10.81,10.79,10.79,5795.0,10.8025,14
2026-04-20 19:46:00-04:00,10.79,10.8,10.79,10.8,1250.0,10.79275,5
2026-04-20 19:47:00-04:00,10.8,10.81,10.8,10.8087,1250.0,10.80894,10
2026-04-20 19:48:00-04:00,10.81,10.81,10.8,10.8008,1480.0,10.80499,7
2026-04-20 19:49:00-04:00,10.81,10.81,10.8,10.8,1650.0,10.80263,6
2026-04-20 19:50:00-04:00,10.8099,10.81,10.8099,10.81,1670.0,10.80997,4
2026-04-20 19:51:00-04:00,10.8098,10.8357,10.8087,10.8357,6639.0,10.81263,11
2026-04-20 19:52:00-04:00,10.84,10.84,10.81,10.82,4241.0,10.82499,6
2026-04-20 19:53:00-04:00,10.82,10.82,10.82,10.82,0.0,10.82,0
2026-04-20 19:54:00-04:00,10.81,10.83,10.81,10.81,996.0,10.81201,4
2026-04-20 19:55:00-04:00,10.83,10.83,10.79,10.79,17598.0,10.81294,10
2026-04-20 19:56:00-04:00,10.8098,10.81,10.8001,10.81,8423.0,10.80976,4
2026-04-20 19:57:00-04:00,10.81,10.82,10.7953,10.7953,31977.0,10.81157,16
2026-04-20 19:58:00-04:00,10.81,10.82,10.81,10.82,1462.0,10.81862,5
2026-04-20 19:59:00-04:00,10.82,10.82,10.8097,10.81,10544.0,10.81838,13
2026-04-21 04:00:00-04:00,10.97,10.99,10.88,10.89,141186.0,10.93718,288
2026-04-21 04:01:00-04:00,10.92,10.99,10.89,10.905,22052.0,10.93416,48
2026-04-21 04:02:00-04:00,10.92,10.92,10.92,10.92,200.0,10.92,1
2026-04-21 04:03:00-04:00,10.93,10.93,10.9,10.93,4100.0,10.92659,8
2026-04-21 04:04:00-04:00,10.92,10.92,10.91,10.92,605.0,10.91835,3
2026-04-21 04:05:00-04:00,10.9365,10.9365,10.9,10.9,1297.0,10.90281,4
2026-04-21 04:06:00-04:00,10.9,10.9,10.86,10.86,8961.0,10.87758,15
2026-04-21 04:07:00-04:00,10.93,10.97,10.87,10.89,7640.0,10.90824,22
2026-04-21 04:08:00-04:00,10.89,10.89,10.89,10.89,1499.0,10.89,4
2026-04-21 04:09:00-04:00,10.87,10.9,10.86,10.9,2025.0,10.88614,6
2026-04-21 04:10:00-04:00,10.88,10.89,10.86,10.87,2193.0,10.875,5
2026-04-21 04:11:00-04:00,10.87,10.88,10.87,10.88,363.0,10.87449,3
2026-04-21 04:12:00-04:00,10.9,10.9,10.89,10.89,3681.0,10.89917,4
2026-04-21 04:13:00-04:00,10.9,10.9,10.89,10.9,2600.0,10.89769,6
2026-04-21 04:14:00-04:00,10.88,10.89,10.87,10.89,2603.0,10.87989,8
2026-04-21 04:15:00-04:00,10.89,10.89,10.89,10.89,417.0,10.89,1
2026-04-21 04:16:00-04:00,10.87,10.89,10.87,10.89,587.0,10.87341,2
2026-04-21 04:17:00-04:00,10.88,10.89,10.88,10.89,6923.0,10.88673,9
2026-04-21 04:18:00-04:00,10.9,10.91,10.895,10.9,4732.0,10.89819,14
2026-04-21 04:19:00-04:00,10.91,10.91,10.91,10.91,1400.0,10.91,2
2026-04-21 04:20:00-04:00,10.92,10.92,10.92,10.92,12247.0,10.92,13
2026-04-21 04:21:00-04:00,10.92,10.92,10.9101,10.9101,5346.0,10.91074,5
2026-04-21 04:22:00-04:00,10.91,10.91,10.91,10.91,402.0,10.91,2
2026-04-21 04:23:00-04:00,10.93,10.93,10.93,10.93,1538.0,10.93,4
2026-04-21 04:24:00-04:00,10.93,10.93,10.93,10.93,115.0,10.93,1
2026-04-21 04:25:00-04:00,10.93,10.93,10.93,10.93,604.0,10.93,3
2026-04-21 04:26:00-04:00,10.93,10.93,10.92,10.92,213.0,10.92469,2
2026-04-21 04:27:00-04:00,10.91,10.91,10.91,10.91,100.0,10.91,1
2026-04-21 04:28:00-04:00,10.91,10.93,10.9,10.9298,4120.0,10.91154,9
2026-04-21 04:29:00-04:00,10.93,10.93,10.93,10.93,692.0,10.93,3
2026-04-21 04:30:00-04:00,10.93,10.93,10.9,10.9,1824.0,10.92666,4
2026-04-21 04:31:00-04:00,10.91,10.92,10.9,10.91,5118.0,10.90131,20
2026-04-21 04:32:00-04:00,10.93,10.93,10.9,10.9,3390.0,10.92723,7
2026-04-21 04:33:00-04:00,10.92,10.92,10.92,10.92,100.0,10.92,1
2026-04-21 04:34:00-04:00,10.88,10.88,10.88,10.88,159.0,10.88,1
2026-04-21 04:35:00-04:00,10.9,10.93,10.9,10.93,614.0,10.9187,4
2026-04-21 04:36:00-04:00,10.92,10.92,10.92,10.92,2000.0,10.92,1
2026-04-21 04:37:00-04:00,10.92,10.93,10.92,10.93,2469.0,10.92876,7
2026-04-21 04:38:00-04:00,10.92,10.92,10.92,10.92,100.0,10.92,1
2026-04-21 04:39:00-04:00,10.93,10.93,10.93,10.93,500.0,10.93,2
2026-04-21 04:40:00-04:00,10.9,10.93,10.9,10.93,2190.0,10.92315,10
2026-04-21 04:41:00-04:00,10.93,10.93,10.93,10.93,120.0,10.93,1
2026-04-21 04:42:00-04:00,10.93,10.94,10.93,10.93,1475.0,10.93539,8
2026-04-21 04:43:00-04:00,10.94,10.94,10.94,10.94,700.0,10.94,4
2026-04-21 04:44:00-04:00,10.94,10.95,10.94,10.95,1049.0,10.94905,4
2026-04-21 04:45:00-04:00,10.95,10.95,10.94,10.945,2943.0,10.94381,6
2026-04-21 04:46:00-04:00,10.94,10.95,10.94,10.95,450.0,10.94556,2
2026-04-21 04:47:00-04:00,10.95,10.96,10.95,10.96,9412.0,10.95029,8
2026-04-21 04:48:00-04:00,10.96,10.96,10.96,10.96,1313.0,10.96,3
2026-04-21 04:49:00-04:00,10.96,10.96,10.96,10.96,1500.0,10.96,1
2026-04-21 04:50:00-04:00,10.96,10.975,10.96,10.97,9998.0,10.97015,13
2026-04-21 04:51:00-04:00,10.98,10.99,10.98,10.99,2764.0,10.98334,5
2026-04-21 04:52:00-04:00,10.99,10.99,10.98,10.99,1185.0,10.98916,6
2026-04-21 04:53:00-04:00,10.99,10.99,10.985,10.9895,2007.0,10.98808,5
2026-04-21 04:54:00-04:00,10.99,10.995,10.98,10.98,2388.0,10.98979,11
2026-04-21 04:55:00-04:00,10.99,10.99,10.985,10.985,300.0,10.98667,2
2026-04-21 04:56:00-04:00,10.98,10.99,10.98,10.98,2591.0,10.98502,11
2026-04-21 04:57:00-04:00,10.99,10.99,10.985,10.99,700.0,10.98857,5
2026-04-21 04:58:00-04:00,10.99,10.99,10.985,10.99,700.0,10.98714,3
2026-04-21 04:59:00-04:00,10.985,11.0,10.985,11.0,3304.0,10.99174,11
2026-04-21 05:00:00-04:00,11.0,11.02,11.0,11.02,16552.0,11.00195,31
2026-04-21 05:01:00-04:00,11.02,11.02,11.0,11.0,7448.0,11.00453,10
2026-04-21 05:02:00-04:00,11.0,11.02,10.99,11.0,10987.0,10.99968,14
2026-04-21 05:03:00-04:00,10.98,11.0,10.96,10.96,2018.0,10.97595,11
2026-04-21 05:04:00-04:00,10.985,10.985,10.985,10.985,130.0,10.985,1
2026-04-21 05:05:00-04:00,10.985,10.985,10.985,10.985,0.0,10.985,0
2026-04-21 05:06:00-04:00,10.96,10.96,10.96,10.96,100.0,10.96,1
2026-04-21 05:07:00-04:00,11.0,11.0,10.99,10.99,500.0,10.998,2
2026-04-21 05:08:00-04:00,10.99,10.99,10.99,10.99,228.0,10.99,1
2026-04-21 05:09:00-04:00,10.99,10.99,10.97,10.97,1460.0,10.97363,4
2026-04-21 05:10:00-04:00,10.97,10.97,10.95,10.96,2605.0,10.95822,12
2026-04-21 05:11:00-04:00,10.98,10.98,10.96,10.97,1540.0,10.96969,5
2026-04-21 05:12:00-04:00,10.9795,10.98,10.9795,10.98,874.0,10.97994,4
2026-04-21 05:13:00-04:00,10.98,10.98,10.98,10.98,0.0,10.98,0
2026-04-21 05:14:00-04:00,10.97,10.97,10.945,10.95,3620.0,10.95164,18
2026-04-21 05:15:00-04:00,10.95,10.95,10.95,10.95,0.0,10.95,0
2026-04-21 05:16:00-04:00,10.95,10.95,10.95,10.95,0.0,10.95,0
2026-04-21 05:17:00-04:00,10.95,10.95,10.95,10.95,0.0,10.95,0
2026-04-21 05:18:00-04:00,10.97,10.97,10.97,10.97,229.0,10.97,2
2026-04-21 05:19:00-04:00,10.98,10.98,10.98,10.98,300.0,10.98,1
2026-04-21 05:20:00-04:00,10.99,10.99,10.93,10.93,18285.0,10.94379,119
2026-04-21 05:21:00-04:00,10.97,10.97,10.94,10.94,1200.0,10.94871,5
2026-04-21 05:22:00-04:00,10.96,10.96,10.96,10.96,500.0,10.96,4
2026-04-21 05:23:00-04:00,10.96,10.96,10.96,10.96,0.0,10.96,0
2026-04-21 05:24:00-04:00,10.931,10.96,10.931,10.96,2455.0,10.93637,3
2026-04-21 05:25:00-04:00,10.9505,10.9505,10.9505,10.9505,128.0,10.9505,1
2026-04-21 05:26:00-04:00,10.9505,10.9505,10.9505,10.9505,0.0,10.9505,0
2026-04-21 05:27:00-04:00,10.95,10.95,10.95,10.95,2142.0,10.95,2
2026-04-21 05:28:00-04:00,10.95,10.95,10.95,10.95,583.0,10.95,3
2026-04-21 05:29:00-04:00,10.96,10.96,10.96,10.96,900.0,10.96,2
2026-04-21 05:30:00-04:00,10.97,10.98,10.97,10.98,1357.0,10.97663,5
2026-04-21 05:31:00-04:00,10.97,10.97,10.95,10.95,1207.0,10.96657,2
2026-04-21 05:32:00-04:00,10.97,10.97,10.94,10.94,1420.0,10.95359,10
2026-04-21 05:33:00-04:00,10.95,10.9681,10.93,10.93,2080.0,10.93829,3
2026-04-21 05:34:00-04:00,10.94,10.94,10.94,10.94,111.0,10.94,1
2026-04-21 05:35:00-04:00,10.94,10.94,10.94,10.94,0.0,10.94,0
2026-04-21 05:36:00-04:00,10.95,10.95,10.95,10.95,142.0,10.95,1
2026-04-21 05:37:00-04:00,10.951,10.951,10.951,10.951,385.0,10.951,1
2026-04-21 05:38:00-04:00,10.95,10.96,10.95,10.96,334.0,10.95431,2
2026-04-21 05:39:00-04:00,10.96,10.98,10.95,10.95,988.0,10.9598,3
2026-04-21 05:40:00-04:00,10.95,10.95,10.94,10.95,1727.0,10.94768,7
2026-04-21 05:41:00-04:00,10.95,10.95,10.95,10.95,6942.0,10.95,2
2026-04-21 05:42:00-04:00,10.97,10.98,10.97,10.98,3055.0,10.9756,10
2026-04-21 05:43:00-04:00,10.98,10.98,10.98,10.98,0.0,10.98,0
2026-04-21 05:44:00-04:00,10.97,10.98,10.97,10.98,2083.0,10.97189,8
2026-04-21 05:45:00-04:00,10.99,10.99,10.98,10.98,1271.0,10.98803,6
2026-04-21 05:46:00-04:00,10.98,10.98,10.98,10.98,1189.0,10.98,3
2026-04-21 05:47:00-04:00,10.97,10.99,10.97,10.99,433.0,10.98076,2
2026-04-21 05:48:00-04:00,11.0,11.0,10.98,10.98,370.0,10.98541,2
2026-04-21 05:49:00-04:00,10.99,10.99,10.99,10.99,120.0,10.99,1
2026-04-21 05:50:00-04:00,10.98,10.98,10.98,10.98,1678.0,10.98,4
2026-04-21 05:51:00-04:00,10.97,10.97,10.97,10.97,200.0,10.97,1
2026-04-21 05:52:00-04:00,10.98,10.98,10.98,10.98,2505.0,10.98,5
2026-04-21 05:53:00-04:00,11.0,11.0,10.97,10.97,582.0,10.99485,3
2026-04-21 05:54:00-04:00,10.97,10.97,10.97,10.97,0.0,10.97,0
2026-04-21 05:55:00-04:00,11.0,11.04,11.0,11.03,6573.0,11.01601,14
2026-04-21 05:56:00-04:00,11.04,11.04,11.04,11.04,486.0,11.04,1
2026-04-21 05:57:00-04:00,11.04,11.04,11.04,11.04,2389.0,11.04,3
2026-04-21 05:58:00-04:00,11.05,11.05,11.04,11.04,4330.0,11.04594,18
2026-04-21 05:59:00-04:00,11.05,11.05,11.045,11.05,2247.0,11.04973,6
2026-04-21 06:00:00-04:00,11.05,11.05,11.04,11.04,1155.0,11.04355,4
2026-04-21 06:01:00-04:00,11.05,11.05,11.03,11.03,4771.0,11.03667,18
2026-04-21 06:02:00-04:00,11.05,11.05,11.05,11.05,441.0,11.05,1
2026-04-21 06:03:00-04:00,11.0473,11.06,11.0473,11.06,6278.0,11.05806,15
2026-04-21 06:04:00-04:00,11.05,11.08,11.05,11.08,11815.0,11.0682,25
2026-04-21 06:05:00-04:00,11.09,11.1,11.09,11.1,7138.0,11.09662,20
2026-04-21 06:06:00-04:00,11.1,11.14,11.1,11.14,19184.0,11.11534,55
2026-04-21 06:07:00-04:00,11.14,11.15,11.13,11.14,19039.0,11.13706,58
2026-04-21 06:08:00-04:00,11.13,11.14,11.11,11.11,18500.0,11.12759,22
2026-04-21 06:09:00-04:00,11.1,11.1,11.1,11.1,2000.0,11.1,3
2026-04-21 06:10:00-04:00,11.11,11.11,11.11,11.11,178.0,11.11,1
2026-04-21 06:11:00-04:00,11.11,11.11,11.07,11.1,8962.0,11.09079,29
2026-04-21 06:12:00-04:00,11.1,11.13,11.09,11.13,12652.0,11.09932,10
2026-04-21 06:13:00-04:00,11.1,11.1,11.1,11.1,700.0,11.1,3
2026-04-21 06:14:00-04:00,11.08,11.09,11.07,11.07,3414.0,11.08144,8
2026-04-21 06:15:00-04:00,11.077,11.08,11.077,11.08,1693.0,11.07982,3
2026-04-21 06:16:00-04:00,11.09,11.09,11.09,11.09,790.0,11.09,2
2026-04-21 06:17:00-04:00,11.095,11.095,11.095,11.095,200.0,11.095,2
2026-04-21 06:18:00-04:00,11.11,11.11,11.08,11.08,3636.0,11.10712,5
2026-04-21 06:19:00-04:00,11.08,11.08,11.08,11.08,100.0,11.08,1
2026-04-21 06:20:00-04:00,11.08,11.1,11.08,11.1,871.0,11.08689,4
2026-04-21 06:21:00-04:00,11.1,11.1,11.08,11.09,2084.0,11.0912,10
2026-04-21 06:22:00-04:00,11.08,11.09,11.08,11.09,875.0,11.08281,5
2026-04-21 06:23:00-04:00,11.09,11.09,11.09,11.09,0.0,11.09,0
2026-04-21 06:24:00-04:00,11.1,11.1,11.1,11.1,100.0,11.1,1
2026-04-21 06:25:00-04:00,11.09,11.09,11.09,11.09,2563.0,11.09,2
2026-04-21 06:26:00-04:00,11.09,11.1,11.09,11.1,1267.0,11.09505,6
2026-04-21 06:27:00-04:00,11.09,11.09,11.09,11.09,2690.0,11.09,5
2026-04-21 06:28:00-04:00,11.08,11.09,11.08,11.09,2146.0,11.0814,8
2026-04-21 06:29:00-04:00,11.07,11.08,11.07,11.08,350.0,11.07571,2
2026-04-21 06:30:00-04:00,11.1,11.1,11.09,11.09,590.0,11.09831,3
2026-04-21 06:31:00-04:00,11.09,11.1,11.08,11.1,2784.0,11.09868,9
2026-04-21 06:32:00-04:00,11.1,11.12,11.09,11.12,4722.0,11.10596,12
2026-04-21 06:33:00-04:00,11.12,11.13,11.12,11.13,4185.0,11.1253,11
2026-04-21 06:34:00-04:00,11.12,11.12,11.11,11.11,370.0,11.1127,3
2026-04-21 06:35:00-04:00,11.1,11.1,11.08,11.09,3608.0,11.08945,14
2026-04-21 06:36:00-04:00,11.1,11.1,11.1,11.1,2008.0,11.1,6
2026-04-21 06:37:00-04:00,11.099,11.11,11.09,11.1,5032.0,11.10154,14
2026-04-21 06:38:00-04:00,11.105,11.11,11.105,11.11,371.0,11.1077,2
2026-04-21 06:39:00-04:00,11.12,11.13,11.12,11.13,4207.0,11.12238,7
2026-04-21 06:40:00-04:00,11.12,11.14,11.12,11.14,1800.0,11.13667,2
2026-04-21 06:41:00-04:00,11.14,11.15,11.12,11.14,23945.0,11.14515,21
2026-04-21 06:42:00-04:00,11.14,11.14,11.11,11.11,3056.0,11.13137,12
2026-04-21 06:43:00-04:00,11.12,11.12,11.11,11.11,1550.0,11.11871,3
2026-04-21 06:44:00-04:00,11.11,11.11,11.1,11.11,5818.0,11.10106,7
2026-04-21 06:45:00-04:00,11.1182,11.12,11.08,11.08,6552.0,11.09075,14
2026-04-21 06:46:00-04:00,11.08,11.085,11.06,11.06,7813.0,11.07475,24
2026-04-21 06:47:00-04:00,11.06,11.07,11.06,11.07,2578.0,11.06233,16
2026-04-21 06:48:00-04:00,11.08,11.08,11.08,11.08,1169.0,11.08,2
2026-04-21 06:49:00-04:00,11.05,11.05,11.05,11.05,831.0,11.05,3
2026-04-21 06:50:00-04:00,11.0503,11.0503,11.04,11.04,1116.0,11.04598,4
2026-04-21 06:51:00-04:00,11.04,11.05,11.04,11.05,792.0,11.04569,4
2026-04-21 06:52:00-04:00,11.06,11.06,11.06,11.06,4426.0,11.06,7
2026-04-21 06:53:00-04:00,11.05,11.065,11.05,11.065,2004.0,11.05674,4
2026-04-21 06:54:00-04:00,11.05,11.07,11.05,11.07,2760.0,11.05435,11
2026-04-21 06:55:00-04:00,11.07,11.08,11.07,11.08,465.0,11.07714,4
2026-04-21 06:56:00-04:00,11.08,11.08,11.08,11.08,0.0,11.08,0
2026-04-21 06:57:00-04:00,11.08,11.08,11.07,11.07,695.0,11.0718,4
2026-04-21 06:58:00-04:00,11.07,11.07,11.07,11.07,700.0,11.07,5
2026-04-21 06:59:00-04:00,11.07,11.07,11.06,11.06,5033.0,11.06119,4
2026-04-21 07:00:00-04:00,11.05,11.07,11.03,11.06,22739.0,11.04798,62
2026-04-21 07:01:00-04:00,11.0698,11.07,11.0583,11.0583,15384.0,11.06151,12
2026-04-21 07:02:00-04:00,11.0513,11.0513,11.0326,11.0485,9151.0,11.04404,16
2026-04-21 07:03:00-04:00,11.04,11.069,11.0302,11.06,12979.0,11.05221,25
2026-04-21 07:04:00-04:00,11.05,11.07,11.0331,11.0561,8523.0,11.05448,15
2026-04-21 07:05:00-04:00,11.06,11.06,11.0494,11.05,6723.0,11.05793,7
2026-04-21 07:06:00-04:00,11.0326,11.05,11.03,11.03,12562.0,11.04489,12
2026-04-21 07:07:00-04:00,11.0301,11.05,11.03,11.0403,7472.0,11.03844,9
2026-04-21 07:08:00-04:00,11.05,11.06,11.05,11.05,21990.0,11.05509,18
2026-04-21 07:09:00-04:00,11.06,11.07,11.06,11.0602,15213.0,11.06019,13
2026-04-21 07:10:00-04:00,11.0699,11.07,11.05,11.06,18864.0,11.05828,26
2026-04-21 07:11:00-04:00,11.06,11.07,11.05,11.05,9185.0,11.0569,32
2026-04-21 07:12:00-04:00,11.05,11.05,11.03,11.05,2933.0,11.03452,9
2026-04-21 07:13:00-04:00,11.0498,11.05,11.0491,11.05,30069.0,11.04986,4
2026-04-21 07:14:00-04:00,11.05,11.05,11.03,11.04,28955.0,11.03918,18
2026-04-21 07:15:00-04:00,11.03,11.05,11.03,11.0499,5273.0,11.04336,20
2026-04-21 07:16:00-04:00,11.0413,11.05,11.04,11.05,3451.0,11.04704,10
2026-04-21 07:17:00-04:00,11.05,11.06,11.04,11.048,7218.0,11.04877,14
2026-04-21 07:18:00-04:00,11.05,11.05,11.0401,11.0428,10751.0,11.04042,3
2026-04-21 07:19:00-04:00,11.06,11.09,11.05,11.09,41131.0,11.07296,18
2026-04-21 07:20:00-04:00,11.0898,11.09,11.08,11.0899,2743.0,11.0891,8
2026-04-21 07:21:00-04:00,11.09,11.09,11.08,11.08,5400.0,11.08252,6
2026-04-21 07:22:00-04:00,11.0898,11.1,11.08,11.09,7200.0,11.08873,20
2026-04-21 07:23:00-04:00,11.09,11.09,11.08,11.0898,6046.0,11.08581,8
2026-04-21 07:24:00-04:00,11.09,11.0974,11.07,11.07,15850.0,11.08199,22
2026-04-21 07:25:00-04:00,11.0612,11.09,11.0612,11.09,1820.0,11.0796,7
2026-04-21 07:26:00-04:00,11.09,11.1,11.0629,11.0629,4223.0,11.08661,11
2026-04-21 07:27:00-04:00,11.09,11.0998,11.09,11.099,1651.0,11.09695,5
2026-04-21 07:28:00-04:00,11.0639,11.09,11.0639,11.09,3437.0,11.08609,8
2026-04-21 07:29:00-04:00,11.0732,11.09,11.0732,11.09,3525.0,11.0838,9
2026-04-21 07:30:00-04:00,11.0899,11.09,11.08,11.08,2485.0,11.08392,7
2026-04-21 07:31:00-04:00,11.09,11.09,11.08,11.08,3486.0,11.08822,7
2026-04-21 07:32:00-04:00,11.085,11.0977,11.08,11.08,4408.0,11.08343,9
2026-04-21 07:33:00-04:00,11.099,11.1,11.08,11.0997,2600.0,11.0892,9
2026-04-21 07:34:00-04:00,11.0987,11.1,11.08,11.09,8300.0,11.09244,22
2026-04-21 07:35:00-04:00,11.09,11.1,11.09,11.0902,14797.0,11.09585,14
2026-04-21 07:36:00-04:00,11.1,11.1,11.09,11.0999,4135.0,11.09752,11
2026-04-21 07:37:00-04:00,11.0987,11.1,11.09,11.1,12658.0,11.0984,13
2026-04-21 07:38:00-04:00,11.1,11.1,11.09,11.1,6325.0,11.09535,13
2026-04-21 07:39:00-04:00,11.1,11.1,11.08,11.09,7234.0,11.09195,21
2026-04-21 07:40:00-04:00,11.099,11.099,11.06,11.07,20142.0,11.07588,18
2026-04-21 07:41:00-04:00,11.09,11.09,11.08,11.0801,1710.0,11.08599,5
2026-04-21 07:42:00-04:00,11.0802,11.09,11.08,11.08,1742.0,11.08601,7
2026-04-21 07:43:00-04:00,11.085,11.1,11.08,11.1,2875.0,11.0922,14
2026-04-21 07:44:00-04:00,11.09,11.0999,11.0897,11.09,8800.0,11.09336,9
2026-04-21 07:45:00-04:00,11.09,11.09,11.07,11.07,13523.0,11.07976,18
2026-04-21 07:46:00-04:00,11.07,11.08,11.0645,11.07,2670.0,11.07433,5
2026-04-21 07:47:00-04:00,11.08,11.0805,11.0777,11.0777,2402.0,11.0799,5
2026-04-21 07:48:00-04:00,11.07,11.0898,11.07,11.0847,5897.0,11.07722,16
2026-04-21 07:49:00-04:00,11.0639,11.08,11.0639,11.08,5500.0,11.0772,6
2026-04-21 07:50:00-04:00,11.08,11.1,11.08,11.1,14115.0,11.08708,11
2026-04-21 07:51:00-04:00,11.0985,11.11,11.0902,11.1,24624.0,11.10314,24
2026-04-21 07:52:00-04:00,11.11,11.11,11.1,11.1057,10733.0,11.10843,11
2026-04-21 07:53:00-04:00,11.11,11.12,11.105,11.11,14940.0,11.1111,21
2026-04-21 07:54:00-04:00,11.1199,11.1199,11.11,11.11,2500.0,11.11198,2
2026-04-21 07:55:00-04:00,11.1197,11.12,11.11,11.11,7046.0,11.11184,16
2026-04-21 07:56:00-04:00,11.1,11.11,11.08,11.1,20446.0,11.0942,44
2026-04-21 07:57:00-04:00,11.09,11.1,11.09,11.1,3550.0,11.0962,5
2026-04-21 07:58:00-04:00,11.1,11.11,11.095,11.11,6512.0,11.10823,11
2026-04-21 07:59:00-04:00,11.11,11.11,11.1,11.1,14195.0,11.10932,11
2026-04-21 08:00:00-04:00,11.1002,11.11,11.1,11.1001,3569.0,11.1058,14
2026-04-21 08:01:00-04:00,11.11,11.11,11.09,11.1,23525.0,11.09954,27
2026-04-21 08:02:00-04:00,11.1,11.109,11.09,11.1075,7973.0,11.09279,14
2026-04-21 08:03:00-04:00,11.1,11.11,11.1,11.1,2889.0,11.10663,10
2026-04-21 08:04:00-04:00,11.1098,11.11,11.1,11.11,6553.0,11.10399,11
2026-04-21 08:05:00-04:00,11.1099,11.11,11.07,11.1,27803.0,11.0974,102
2026-04-21 08:06:00-04:00,11.11,11.11,11.1,11.1,1500.0,11.10253,7
2026-04-21 08:07:00-04:00,11.11,11.11,11.1,11.1099,20131.0,11.10232,17
2026-04-21 08:08:00-04:00,11.1013,11.11,11.1,11.11,7968.0,11.1046,14
2026-04-21 08:09:00-04:00,11.1,11.11,11.1,11.11,11797.0,11.10207,25
2026-04-21 08:10:00-04:00,11.11,11.14,11.11,11.13,21259.0,11.12711,51
2026-04-21 08:11:00-04:00,11.1301,11.14,11.12,11.12,8089.0,11.13111,17
2026-04-21 08:12:00-04:00,11.13,11.13,11.11,11.12,2400.0,11.12056,11
2026-04-21 08:13:00-04:00,11.12,11.12,11.07,11.1,30548.0,11.09677,61
2026-04-21 08:14:00-04:00,11.0996,11.0996,11.08,11.08,2738.0,11.08358,14
2026-04-21 08:15:00-04:00,11.08,11.09,11.07,11.0706,6748.0,11.08143,9
2026-04-21 08:16:00-04:00,11.07,11.0886,11.07,11.0886,2000.0,11.07713,6
2026-04-21 08:17:00-04:00,11.0799,11.08,11.05,11.05,11567.0,11.06628,27
2026-04-21 08:18:00-04:00,11.05,11.05,11.03,11.0331,31342.0,11.04499,27
2026-04-21 08:19:00-04:00,11.05,11.05,11.03,11.03,10480.0,11.0453,17
2026-04-21 08:20:00-04:00,11.03,11.04,11.03,11.0315,8040.0,11.03347,13
2026-04-21 08:21:00-04:00,11.03,11.06,11.03,11.06,7738.0,11.04912,20
2026-04-21 08:22:00-04:00,11.0599,11.07,11.0599,11.06,4484.0,11.0624,9
2026-04-21 08:23:00-04:00,11.06,11.06,11.03,11.035,12452.0,11.04864,29
2026-04-21 08:24:00-04:00,11.0303,11.05,11.03,11.05,1300.0,11.04675,7
2026-04-21 08:25:00-04:00,11.0496,11.0496,11.0326,11.049,2897.0,11.04575,3
2026-04-21 08:26:00-04:00,11.0474,11.05,11.03,11.04,709.0,11.04276,6
2026-04-21 08:27:00-04:00,11.05,11.08,11.0498,11.05,9118.0,11.06361,33
2026-04-21 08:28:00-04:00,11.05,11.05,11.0,11.0064,44142.0,11.02141,105
2026-04-21 08:29:00-04:00,11.0199,11.02,11.0,11.02,9239.0,11.013,15
2026-04-21 08:30:00-04:00,11.03,11.04,11.02,11.04,8002.0,11.02918,12
2026-04-21 08:31:00-04:00,11.0399,11.04,11.03,11.0313,10881.0,11.03252,9
2026-04-21 08:32:00-04:00,11.04,11.06,11.04,11.04,5097.0,11.04398,13
2026-04-21 08:33:00-04:00,11.0313,11.04,11.03,11.04,5346.0,11.03668,11
2026-04-21 08:34:00-04:00,11.04,11.04,11.03,11.0385,1064.0,11.03505,6
2026-04-21 08:35:00-04:00,11.02,11.02,11.0034,11.0034,13035.0,11.01164,18
2026-04-21 08:36:00-04:00,11.02,11.04,11.02,11.04,7777.0,11.02561,13
2026-04-21 08:37:00-04:00,11.0201,11.04,11.01,11.01,4135.0,11.02272,10
2026-04-21 08:38:00-04:00,11.0368,11.04,10.99,11.02,35680.0,11.00153,80
2026-04-21 08:39:00-04:00,10.99,10.99,10.95,10.96,12015.0,10.96434,44
2026-04-21 08:40:00-04:00,10.96,11.0191,10.95,10.96,10118.0,10.96871,27
2026-04-21 08:41:00-04:00,11.0,11.0,10.99,10.99,925.0,10.99676,7
2026-04-21 08:42:00-04:00,10.99,10.995,10.96,10.98,2494.0,10.98363,16
2026-04-21 08:43:00-04:00,10.9674,10.97,10.95,10.95,42521.0,10.9582,29
2026-04-21 08:44:00-04:00,10.95,10.96,10.95,10.96,12944.0,10.95833,12
2026-04-21 08:45:00-04:00,10.95,10.965,10.9484,10.9484,8209.0,10.95522,16
2026-04-21 08:46:00-04:00,10.94,10.97,10.94,10.9546,7091.0,10.95202,18
2026-04-21 08:47:00-04:00,10.97,10.9899,10.95,10.9899,10685.0,10.97146,21
2026-04-21 08:48:00-04:00,10.9899,10.99,10.95,10.96,13321.0,10.97341,27
2026-04-21 08:49:00-04:00,10.9599,10.96,10.9426,10.96,6470.0,10.95419,11
2026-04-21 08:50:00-04:00,10.9566,10.9584,10.94,10.9499,4079.0,10.94917,7
2026-04-21 08:51:00-04:00,10.945,10.97,10.94,10.97,5931.0,10.9496,13
2026-04-21 08:52:00-04:00,10.9699,10.9699,10.95,10.95,7224.0,10.9608,24
2026-04-21 08:53:00-04:00,10.96,10.97,10.95,10.9697,7700.0,10.96141,16
2026-04-21 08:54:00-04:00,10.95,10.989,10.95,10.989,6039.0,10.97388,14
2026-04-21 08:55:00-04:00,10.98,11.0,10.98,11.0,11345.0,10.99727,26
2026-04-21 08:56:00-04:00,11.0,11.0174,10.9744,10.9993,7988.0,10.99802,20
2026-04-21 08:57:00-04:00,10.99,11.0,10.9715,10.98,4252.0,10.9876,8
2026-04-21 08:58:00-04:00,10.98,11.0,10.97,10.98,4858.0,10.9851,14
2026-04-21 08:59:00-04:00,10.9801,11.01,10.9801,11.0,17218.0,11.00316,19
2026-04-21 09:00:00-04:00,10.9987,11.0,10.99,10.99,1700.0,10.99724,5
2026-04-21 09:01:00-04:00,11.0,11.0,10.99,10.99,1631.0,10.99714,6
2026-04-21 09:02:00-04:00,10.99,11.0,10.99,10.9984,9229.0,10.99953,8
2026-04-21 09:03:00-04:00,11.0,11.0,10.99,11.0,5785.0,10.99889,18
2026-04-21 09:04:00-04:00,11.0006,11.02,11.0,11.02,10973.0,11.01348,30
2026-04-21 09:05:00-04:00,11.0,11.0199,10.99,11.0014,4485.0,10.99957,14
2026-04-21 09:06:00-04:00,11.01,11.01,10.99,11.0,7985.0,10.99571,15
2026-04-21 09:07:00-04:00,10.99,10.99,10.97,10.98,7711.0,10.97779,17
2026-04-21 09:08:00-04:00,10.97,10.98,10.96,10.98,5568.0,10.9625,13
2026-04-21 09:09:00-04:00,10.9602,10.9899,10.96,10.9899,15030.0,10.98132,10
2026-04-21 09:10:00-04:00,10.9801,11.0,10.98,11.0,2992.0,10.99142,13
2026-04-21 09:11:00-04:00,10.9999,11.0,10.9901,11.0,9509.0,10.99984,6
2026-04-21 09:12:00-04:00,11.0,11.01,10.98,10.9997,11511.0,10.99978,23
2026-04-21 09:13:00-04:00,10.99,11.0,10.97,10.99,5896.0,10.98951,11
2026-04-21 09:14:00-04:00,10.99,10.99,10.97,10.9748,1700.0,10.97841,6
2026-04-21 09:15:00-04:00,10.9701,10.99,10.97,10.99,2281.0,10.9786,9
2026-04-21 09:16:00-04:00,10.9963,10.9963,10.98,10.98,1100.0,10.99077,3
2026-04-21 09:17:00-04:00,10.98,11.01,10.98,11.01,14979.0,10.99122,16
2026-04-21 09:18:00-04:00,11.01,11.01,10.99,11.0,33768.0,11.00595,25
2026-04-21 09:19:00-04:00,11.0,11.01,11.0,11.0099,3504.0,11.00783,14
2026-04-21 09:20:00-04:00,11.01,11.0126,11.0,11.01,6791.0,11.0082,16
2026-04-21 09:21:00-04:00,10.99,11.01,10.97,11.008,7380.0,10.98848,19
2026-04-21 09:22:00-04:00,11.0,11.01,10.995,11.01,12704.0,11.00326,21
2026-04-21 09:23:00-04:00,11.0001,11.01,10.98,11.0,14206.0,10.99554,21
2026-04-21 09:24:00-04:00,10.96,11.01,10.96,10.9799,8528.0,10.99208,21
2026-04-21 09:25:00-04:00,11.0,11.0,10.97,10.98,26733.0,10.98312,24
2026-04-21 09:26:00-04:00,10.97,11.0,10.945,10.95,16644.0,10.96401,53
2026-04-21 09:27:00-04:00,10.94,10.94,10.9,10.9,41277.0,10.91129,70
2026-04-21 09:28:00-04:00,10.91,10.92,10.9,10.92,18176.0,10.91396,41
2026-04-21 09:29:00-04:00,10.91,10.92,10.9,10.9,21801.0,10.90776,68
2026-04-21 09:30:00-04:00,10.91,11.01,10.83,10.845,1091023.0,10.88935,1421
2026-04-21 09:31:00-04:00,10.8499,10.8499,10.8,10.81,291931.0,10.82339,364
